"pr-snippet-rating-decimal","pr-rd-review-headline","pr-rd-bold","pr-rd-details","pr-rd-bold 2","pr-rd-details 2","pr-rd-bold 3","pr-rd-details 3","pr-rd-description-text","pr-rd-helpful-text","pr-rd-flag-review-btn"
"5","Love this char","Submitted","3 months ago","By","Hansen Z.","From","USA","I bought this chair for my girl friend. I personally prefer another chair from Herman Miller but she is super satisfy with this chair.","Was this review helpful to you?","Flag this review"
"5","Perfect WFH chair","Submitted","3 months ago","By","Maria C.","From","USA","I bought this chair when I started a new job that gave work from home benefits. I never bought a chair that was over $150 so going out and getting a much more expensive chair I was a bit hesitant. I've suffered from horrible sciatic pain for years and it is exacerbated from sitting for prolonged periods of time. I get treatment for my sciatica and have bought myself a standing desk, but I knew I'd have to get a more suited chair if I wanted to try to alleviate the pain. When I say I would happily buy from Herrman Miller, I mean it. The chair has done wonders for me even with long working days.","Was this review helpful to you?","Flag this review"
"5","Great Desk Chair & Easy To Move Around","Submitted","3 months ago","By","Justin M.","From","USA","This a great desk chair. The carpet casters were a must and make moving the chairs around so much easier. Great buy","Was this review helpful to you?","Flag this review"
"5","Perfect stylish chair","Submitted","4 months ago","By","Gabriel P.","From","Canada","I had an Autonomous chair for two years prior buying Herman Miller's Cosm. At first, the considerably lower price tag pulled me towards the Autonomous, but in the end, the backrest fell apart two times (the plastic mesh lasts a year basically). Also, it became pretty noisy and uncomfortable.When I received the Cosm chair, I was amazed by the fact it was already assembled. It is so well made and silent and the 12-year warranty is a pledge of its quality. By the way, the hard floor casters are amazing if you're not using it on a carpet floor. The design is flawless and even if, apart from the arms and the height, the Cosm has no other adjustments, I find it really comfy and it pushes me to sit up straight which is how a mindful human being should do. Save your money until you can afford an Herman Miller chair, it's worth it!","Was this review helpful to you?","Flag this review"
"5","Well built and comfortable","Submitted","4 months ago","By","Rob D.","From","USA","Outrageously expensive, but if you can swing it it's well worth it. The mesh has good breathability and support without being excessively stiff. The adjustable elbow pads are not rigid but not very soft - took a little getting used to and hopefully they last. I love that the high back is flexible so you lean back comfortably and even get a good stretch in if you've been sitting a while.","Was this review helpful to you?","Flag this review"
"5","Perfect","Submitted","4 months ago","By","Suzette S.","From","USA","Super comfortable including the leaf arms which I was a little worried about. It feels natural to lean back or turn without a bunch of extra levers!","Was this review helpful to you?","Flag this review"
"5","High Back in Blue","Submitted","5 months ago","By","Katherine M.","From","USA","I purchased the high back in blue to get myself sitting more ergonomically without the fuss of readjusting all the time into different work modes and this fit my need perfectly! It is so comfy once the mesh softens after a few days and it has never been easier to keep proper posture while at my desk. The color and design work beautifully in my space and give a lightest despite being a darker high back chair.","Was this review helpful to you?","Flag this review"
"5","Simple and comfortable chair","Submitted","7 months ago","By","Patrick W.","From","USA","This chair is comfortable enough for all day use while remaining simple and beautiful.Those familiar with the designer will note that this chair is an evolution of the Setu chair. The Setu was great and held up well. The fabric version was a bit more comfortable than the mesh. The polished base was a worthwhile upgrade to prevent furniture and shoe damage. The Setu was stiffer, lighter, and prioritized posture more. This chair has a finished base by default, feels slightly better, and costs slightly more. The chair back height greatly impacts the hinge behavior. The piston goes down an inch causing the back hinge to lock into a stiffness when you sit. The low back felt too stiff and hard to control. Mid and high back felt controllable. I opted for high back. At 6 feet and 170 pounds, I feel like I have good control over the back stiffness. I avoided the adjustable arms as they felt a big clunky. I liked the fixed arms. I opted for leaf arms. They are enjoyable. I do find that the travel in the chair piston causes the arms to get caught under and push up the desk. The mesh is comfortable and has held up and resisted stains well. The frame accumulates A LOT of dust and needs bi-weekly cleaning. My final gripe is the price. At close to 2k this is an expensive chair. I enjoy working from this chair and would purchase again.","Was this review helpful to you?","Flag this review"
"5","Comfortable beautiful design","Submitted","7 months ago","By","HELEN H.","From","USA","Comfortable beautiful design","Was this review helpful to you?","Flag this review"
"5","Love it","Submitted","7 months ago","By","Drew D.","From","USA","Use daily great support","Was this review helpful to you?","Flag this review"
"5","SEATING HAPPINESS","Submitted","8 months ago","By","David C.","From","USA","Last year I purchased an Aeron chair from DWR and I really like it. However, my appreciation of the Aeron has been eclipsed by the Cosm chair. It is comfortable beyond anything that I have ever owned, including the Aeron. Its self-adjusting design is a delight.","Was this review helpful to you?","Flag this review"
"5","So comfortable chair","Submitted","8 months ago","By","Joo S.","From","USA","So comfortable chair","Was this review helpful to you?","Flag this review"
"5","Worth it","Submitted","8 months ago","By","Alexander C.","From","USA","I work from home and purchased a Cosm chair for myself last year as I was sick of spending hundred of dollars on office chairs that hurt my back and didn't hold up. This year, with my wife splitting time between the office and home, I decided to get her one, as well. She loves it. She gets it. You get what you pay for in this case. I do not know one person who owns a Herman Miller office chair who would ever trade it for anything else. (Not that they'd need to as they apparently last forever...)Always spend money on things that separate you from the ground - whether that be tires, shoes, or chairs - you'll never regret the spend.","Was this review helpful to you?","Flag this review"
"5","Great chair","Submitted","9 months ago","By","Daniel E.","From","USA","Very comfortable. It does have a slightly short seat but I prefer this as there's also no frame edge like an aeron chair that puts added pressure on the backside of your legs. In a sense it's encouraging better posture. (I'm 5'8"" fwiw.)","Was this review helpful to you?","Flag this review"
"5","Sculptural ergonomics","Submitted","9 months ago","By","UXtest.com","From","Canada","The idea of cosm is very appealing for creative customers. Mix of form and ergonomics with quality materials makes it a perfect office chair, especially for design studios. Is it for everyone? NO. It is mostly for users who understand the concept of ergonomics that helped shaped cosm design. Shallow seat, lack of adjustments ...its all has it's purpose and keep you in close-to-ideal position while you work. This is one of few chairs on the market that keeps your recline in balance and make you feel safe at any angle. And it is most likely the only one with slim, sculptural profile that easy becomes a conversational topic with your clients or coworkers. To make this design whole we added ENSO 70 OKINA MU architectural casters (something we suggest HM to offer as an option). Great product with warranty to match... Congratz HM!","Was this review helpful to you?","Flag this review"
"5","Quality chair, and purchase experience","Submitted","9 months ago","By","Andrew K.","From","USA","Quality chair, and purchase experience","Was this review helpful to you?","Flag this review"
"5","My back thanks me every","Submitted","9 months ago","By","Mack H.","From","USA","My back thanks me every time I spend too much time on the computer.","Was this review helpful to you?","Flag this review"
"5","Nicest chair","Submitted","10 months ago","By","BRIAN S.","From","USA","Nicest office chair we've ever owned. My husband has back issues, so I got him this. It leans back and is supportive. I also like the styling and colors.","Was this review helpful to you?","Flag this review"
"5","Quite comfortable, good price","Submitted","10 months ago","By","Ken B.","From","USA","Very nice, stylish chair with many color combinations to choose.","Was this review helpful to you?","Flag this review"
"5","Such a great chair upgrade!","Submitted","10 months ago","By","Lauren J.","From","USA","I've been sitting in an upholstered desk chair for years which has been comfortable, but after long term use I started to notice a significant difference in my lower back and neck while I work (as a full-time graphic designer). I loved this chair as it provides stylish, comfortable support to the entire body. It's lightweight, beautifully made, and extremely supportive to the entire back. I watched a video from DWR that your desk chair is a tool, not just a chair and that support truly makes all the difference while I work throughout the day.","Was this review helpful to you?","Flag this review"
"5","Great chair for work!!!","Submitted","10 months ago","By","Glen D.","From","USA","Great chair for work!!!","Was this review helpful to you?","Flag this review"
"5","Good style and quality","Submitted","10 months ago","By","Andrii B.","From","USA","I like it very muchVery nicely lookingModern materials and design.Convenient!Hope HermanMiller will continue being a leader and provide more new ergonomic models!","Was this review helpful to you?","Flag this review"
"5","Wow!","Submitted","10 months ago","By","Jennifer W.","From","USA","So comfortable! I have back problems and this chair is my hero! Being a doctoral student, I spend a lot of time sitting at my computer and this chair has saved the day!","Was this review helpful to you?","Flag this review"
"5","Like sitting in a cloud","Submitted","10 months ago","By","Brennan V.","From","Canada","At first it was a little strange finding the right position, the I saty butt right at the back and it goes into the most float like seating position. Definitely recommend the high back. It also looks insanely beautiful. My partner was nervous on the red as it may look too much but she said it's stunning in person - and it is.","Was this review helpful to you?","Flag this review"
"5","Incredible chair!","Submitted","10 months ago","By","Hannah K.","From","USA","So happy with this purchase 🙌🏻 the back support is amazing and I noticed a difference from day one. Apart from my bed I spent most hours a day working remote at my office in my chair so this is so worth it over the long term.","Was this review helpful to you?","Flag this review"
"5","Beautiful Design Matched With Relaxing Comfort","Submitted","10 months ago","By","Ramyt I.","From","USA","I've been drooling over the Cosm since I first laid eyes on it years ago. It's not a cheap chair (I suppose nothing at HM is), so it took me a while to accept the fact that I'd be paying as much as I did for a WFH office chair. But, as they say, you get what you pay for, and what you pay for is a beautiful, elegant design, that is a delight to sit on. The Cosm's comfort matches its beauty, and I can't see myself using anything else. I know that the Aeron probably edges this chair out as far as overall comfort goes, but the Cosm is the Porsche and the Aeron is the Audi. Is it worth what I paid? Absolutely!","Was this review helpful to you?","Flag this review"
"5","Very Happy!","Submitted","10 months ago","By","Kyle L.","From","USA","Excellent product! It looks great, functions well and we are very pleased with our second Herman Miller purchase.","Was this review helpful to you?","Flag this review"
"5","Office chairs","Submitted","10 months ago","By","Crystal N.","From","USA","We love our Herman Miller chairs. No complaints!","Was this review helpful to you?","Flag this review"
"5","To sum up… I'm in love…","Submitted","11 months ago","By","Brandi H.","From","USA","I got the Cosm in indigo blue I believe…? It looks super sharp. The design is very attractive. It's I chair I can spend time in for work and still be comfortable. I really like the breathable material which was why I chose it over the Embody. I still want to try the Embody … perhaps next tax season! It is sold and smooth to sit in. I'm 225lbs and 6'1"" and it handles me easily… if it's hurting I can't tell 😄 Came assembled and ready to glide. Can't wait to add the Eams Lounge chair… yes honey that's happening","Was this review helpful to you?","Flag this review"
"5","Will buy again","Submitted","11 months ago","By","Heidi F.","From","USA","This is the 2nd Cosm chair we have purchased, and we love them both. The second one has all the adjustments, and it fit for a more variety of people.","Was this review helpful to you?","Flag this review"
"5","Desk Chair","Submitted","11 months ago","By","Doug A.","From","USA","Everything logistically worked well and timely. Chair was exactly what was expected.","Was this review helpful to you?","Flag this review"
"5","Fantastic","Submitted","11 months ago","By","Snehashish S.","From","USA","A chair can make so much of a different is unthinkable. Since I changed my job and started working from home, I was using my dining chair, it was uncomfortable, I changed with Herman Miller and difference is huge. I can not work many hours comfortably.","Was this review helpful to you?","Flag this review"
"5","Perfect Chair For Home Study","Submitted","11 months ago","By","Ken B.","From","USA","Love this chair and the high back is comfortable and looks great in the study","Was this review helpful to you?","Flag this review"
"5","Great if you need good lumbar support!","Submitted","11 months ago","By","Sara P.","From","USA","When I started my search for an office chair, I looked at literally every chair out there including the entire line of HM. I was looking for good lumbar support and adjustability. This wasn't the number one suggested as far as lumbar support goes but I'm so glad I went with the Cosm! I have not had one day where I'm complaining about my back since I got this chair. Seriously. I did get the adjustable arms which in my opinion is worth it. My only negative is the seat could be a bit more cushioned, it' is mesh and after a while it starts to hurt my bottom a bit but luckily I had a thin seat cushion I can lay right over it with no problem!","Was this review helpful to you?","Flag this review"
"5","Chair delivery","Submitted","11 months ago","By","Intisar R.","From","USA","It was well-delivered, all set up, and very comfy!","Was this review helpful to you?","Flag this review"
"5","Fantastic Chair","Submitted","11 months ago","By","Jodi M.","From","USA","I have been searching for the perfect chair for years. I am so thankful to have discovered the Herman Miller Cosm Mid Back. It is the perfect chair for me! I was experiencing neck pain in addition to lower back pain so I was looking for a chair with a high and neck support. I also like the adjustable seat height and arm adjustments. The chair is simple without a lot of other necessary adjustments and sooooo comfortable! I highly recommend this chair.","Was this review helpful to you?","Flag this review"
"5","COSM Great","Submitted","11 months ago","By","Myron G.","From","USA","Great chair","Was this review helpful to you?","Flag this review"
"5","Amazing, love it","Submitted","1 year ago","By","Jeff B.","From","USA","Amazing, love it","Was this review helpful to you?","Flag this review"
"5","Beautifully designed chair with excellent ergonomics","Submitted","1 year ago","By","Franko F.","From","USA","When I first sat on the Cosm I felt immediate relief from lower back discomfort caused by my previous chair. It's been a fantastic addition to my home office. I would highly recommend it.","Was this review helpful to you?","Flag this review"
"5","Fantastic home office chair!","Submitted","1 year ago","By","Geomickey","From","USA","Really comfortable chair. After working exclusively at home for the past 3 years, my old chair started giving lower back pain. Did my research and glad I chose the Cosm. I initially had some doubts about the lack of adjustment controls, but the Auto-Harmonic Tilt technology, is fantastic! Automatically adjusts to your body and any of my family members can enjoy the chair without making adjustments. Bit on the expensive side, but took advantage of the Herman Miller sale and free shipping. Well worth the price of the chair. Bought the canyon red which looks great in my loft. Highly recommend the Cosm.","Was this review helpful to you?","Flag this review"
"5","Great comfortable new chair.","Submitted","1 year ago","By","ED S.","From","Bhutan","Love my new blue chair. It looks great and is very comfortable.","Was this review helpful to you?","Flag this review"
"5","My lower back says thank you","Submitted","1 year ago","By","Alex M.","From","USA","My lower back says thank you","Was this review helpful to you?","Flag this review"
"5","Love this chair","Submitted","1 year ago","By","Roozbeh M.","From","USA","Love this chair","Was this review helpful to you?","Flag this review"
"5","awesome!","Submitted","1 year ago","By","Susan H.","From","USA","awesome!","Was this review helpful to you?","Flag this review"
"5","The Comfy Chair!","Submitted","1 year ago","By","Frank K.","From","USA","Not the Monty Python bit, but a very nice chair indeed. Looks elegant, fits my body, seems built to last.","Was this review helpful to you?","Flag this review"
"5","Best ""simple"" chair I've ever owned","Submitted","1 year ago","By","Gabriel S.","From","USA","I own two HM chairs, the Aeron and the Cosm. The Cosm is really good looking, and comfortable. The Aeron is a great work chair, but with the Cosm I wanted something that did not need exact adjustments. It means more mental space for other things. I'm happy I got the high version and the adjustable arms. One negative would be the high price for the colored versions.","Was this review helpful to you?","Flag this review"
"5","The best chair!","Submitted","1 year ago","By","Mike G.","From","USA","I tried all the chairs in the showroom before landing on this one. I love the simplicity and how it feels. My wife and kids love it too.","Was this review helpful to you?","Flag this review"
"5","Satisfaction.","Submitted","1 year ago","By","Walter I.","From","USA","Continue to adjust to a very supportive, comfortable chair in my workspace. Quality. Looks good. Time spent reviewing several H-M offerings well spent.","Was this review helpful to you?","Flag this review"
"5","Fixed what ailed me","Submitted","1 year ago","By","Eric F.","From","Spain","I live in a 100+ year old house with uneven floors. The house is a dream, but the slope in my office floor was causing me issues after long work days extended into the evenings doing homework for grad school. Once I bought the Cosm, the physical discomfort vanished and the long hours became, if not entirely delightful, at least tolerable. I adore this chair; worth every penny.","Was this review helpful to you?","Flag this review"
"5","great chair in red!","Submitted","1 year ago","By","Patrick B.","From","USA","great chair in red!","Was this review helpful to you?","Flag this review"
"5","Excellent Purchase","Submitted","1 year ago","By","Nicole K.","From","USA","Excellent Purchase","Was this review helpful to you?","Flag this review"
"5","Excellent comfort","Submitted","1 year ago","By","Benjamin R.","From","USA","This is a great chair for ease of use. I have an Aeron and while I love it, having the Cosm for another member of my house makes me a bit jealous -- it's so comfortable without any adjustment. I haven't tried the leaf arms but the low back with standard arms is perfect for me.","Was this review helpful to you?","Flag this review"
"5","Great chair. Great sales rep","Submitted","1 year ago","By","Peter B.","From","USA","Great chair. Great sales rep in store!!","Was this review helpful to you?","Flag this review"
"5","Beautiful chair and comfortable","Submitted","1 year ago","By","Lauren M.","From","Canada","My chair is gorgeous. I have been sitting on it for a year with no complaints. The Cosm seat is flatter and shallower than the Mirra and Aeron chairs so I don't get the same pressure on my outer thighs and back of knees after long periods. It also feels more springy than those chairs. I love not having to meddle with adjustments on the chair, but I highly recommend getting adjustable arms. I think the mid-back chair would be comfortable for most average height women. The ability to lean back only works when you lower the chair so your knees are 90 degrees, which may be too short for higher desks but it doesn't bother me. Overall I am very happy with my purchase.","Was this review helpful to you?","Flag this review"
"5","Awesome chair!","Submitted","1 year ago","By","Jonathan H.","From","USA","Have struggled with back pain and needed a new home office chair. This one is incredible construction and design but still simple enough to not be overly complex. Love it!","Was this review helpful to you?","Flag this review"
"5","Love them","Submitted","1 year ago","By","Alex T.","From","USA","Love them","Was this review helpful to you?","Flag this review"
"5","Expensive but worth it","Submitted","1 year ago","By","Keane C.","From","USA","Wish I purchased it sooner","Was this review helpful to you?","Flag this review"
"5","6'4"" 260 lbs","Submitted","1 year ago","By","Gavin C.","From","USA","Have been using the chair for about 2 weeks. Chair has no problem supporting my larger frame. The high back supports my head and neck well when I recline. I have no buyers remorse and recommend this product.","Was this review helpful to you?","Flag this review"
"5","Exactly what I thought it","Submitted","1 year ago","By","Diane R.","From","USA","Exactly what I thought it should be.","Was this review helpful to you?","Flag this review"
"5","Took forever to arrive, especially","Submitted","2 years ago","By","Sarah T.","From","USA","Took forever to arrive, especially because my original order was cancelled without explanation and I had to reorder. But the chair is beautiful and so comfortable. I am glad I went in store to test sit in the chairs first because the cosm model definitely works best for me. The only negative was that the chair came with a ton of packing material.","Was this review helpful to you?","Flag this review"
"5","A chair so nice I bought it twice","Submitted","2 years ago","By","Danni S.","From","USA","The Cosm chair was the huge upgrade I needed during the pandemic, great support and comfortable for all day use. I opted for the mid-height with arm rests which has been perfect. I decided to buy a second for the office so that when guests come to work they can enjoy the same seating experience. Highly recommend!","Was this review helpful to you?","Flag this review"
"5","Love my Chair!","Submitted","2 years ago","By","Rhonda T.","From","USA","I am so happy with my purchase. It came fully assembled, literally rolled out of the box. It's so comfortable and I know in the hot weather, it will be cool to use. No regrets.","Was this review helpful to you?","Flag this review"
"5","love!","Submitted","2 years ago","By","Olivia O.","From","USA","it was love at first sit!","Was this review helpful to you?","Flag this review"
"5","love it","Submitted","2 years ago","By","Asher E.","From","USA","love it","Was this review helpful to you?","Flag this review"
"5","Perfect desk chair","Submitted","2 years ago","By","Stephen U.","From","USA","A wonderful addition to my work space. Nestles perfectly against my vintage Scan teak desk. Came fully assembled…vibrant color red. Super comfortable. As I have said before, a little pricey, it I guess quality costs.","Was this review helpful to you?","Flag this review"
"5","Great chair!","Submitted","2 years ago","By","Erik S.","From","USA","Super comfortable, love the adjustable arms, and the lean resistance is spot on. Going to put my chiropractor out of business!","Was this review helpful to you?","Flag this review"
"5","Great support and style!","Submitted","2 years ago","By","Kendall M.","From","USA","The Cosm chair is simply the best!","Was this review helpful to you?","Flag this review"
"5","Love everything about this chair.","Submitted","2 years ago","By","Sara W.","From","USA","Love everything about this chair.","Was this review helpful to you?","Flag this review"
"5","The chair has vastly improved","Submitted","2 years ago","By","JUDITH G.","From","USA","The chair has vastly improved my well-being. Thank you!!!!","Was this review helpful to you?","Flag this review"
"5","Absolutely gorgeous chair!","Submitted","2 years ago","By","Amanda K.","From","Canada","Beautiful colour, extremely comfortable. Perfect ergonomic chair-superior back support.","Was this review helpful to you?","Flag this review"
"5","Beautiful and comfortable","Submitted","2 years ago","By","Lia L.","From","USA","I work on the computer for long hours and I always have a hard time adjusting a chair, no matter what I try, something always feels wrong. I am not a tall person and I could never find a chair that was the right fit for me. I was a bit skeptical but decided to try the Cosm chair. On the first day, I felt like there was some sort of adjustment missing to make it feel right. After a couple of days, I got used to the chair and it's not perfect! It's hard to believe a chair with no adjustments can feel like this. It significantly alleviated my back pain and my posture is better. I ordered my chair the leaf arm and to be honest, I am still getting used to it. The idea is great for people who don't rely on the arms for typing, all I need is something to support my elbows. However, the arms are too far so I usually only use one at a time. While I really like how bouncy the mesh feels, it can be a bit harsh on the skin after a while (even when wearing long sleeves).","Was this review helpful to you?","Flag this review"
"5","Good","Submitted","2 years ago","By","LIN H.","From","Canada","Good","Was this review helpful to you?","Flag this review"
"5","Very comfy chair","Submitted","2 years ago","By","Giana K.","From","USA","Didn't initially want to spend this much money on a chair - now I'm glad I did.","Was this review helpful to you?","Flag this review"
"5","All day Comfort!","Submitted","2 years ago","By","Robert W.","From","USA","Our second chair like this, comfortable all day, very solid, super high quality.","Was this review helpful to you?","Flag this review"
"5","Best chair ever!!!","Submitted","2 years ago","By","Deborah K.","From","USA","Thank you for making an office chair that is completely comfortable for 10 hour work days. My body thanks you!!! The overall quality and workmanship is unsurpassed. #qualitymatters","Was this review helpful to you?","Flag this review"
"5","Perfect chair!","Submitted","2 years ago","By","chanez b.","From","USA","The final product is beautiful and perfect but the shipping and delivery took super long…","Was this review helpful to you?","Flag this review"
"5","Long Wait Worth It","Submitted","2 years ago","By","Ken G.","From","USA","Purchased a Cosm Chair for my wife who spends a considerable amount of time at her desk. A vintage Herman Miller. Chair looks and works so well, now we need a new desk but have limited space. Any suggestions?","Was this review helpful to you?","Flag this review"
"5","Dynamite Chair, Thankful Derriere!","Submitted","2 years ago","By","Anthony O.","From","USA","I have had my Cosm chair for approximately 8 weeks now, and I am thrilled. Since I work from home most of the time, I needed a supportive, yet comfortable chair which keeps me going throughout my workday and the Cosm checks off these two critical boxes for me.","Was this review helpful to you?","Flag this review"
"5","Fabulous Chair","Submitted","2 years ago","By","Barbara F.","From","USA","I've purchased Herman Miller chairs before and its great to see their quality and style continues to be top of the line. This is a wonderfully comfortable and stylish. Highly recommended.","Was this review helpful to you?","Flag this review"
"5","Worth It","Submitted","2 years ago","By","Erin","From","USA","This was a big purchase for me. I felt it. The chair arrived this week, and I can confirm that it's worth every penny. So comfortable. I'm 5'3"" and the mid back option is the perfect height. Also, what a pleasure to just roll it out of the box already assembled. She's pretty too (canyon color).","Was this review helpful to you?","Flag this review"
"5","So comfortable","Submitted","2 years ago","By","Elise R.","From","USA","This chair is amazing, I don't even mind sitting for so many Zoom meetings anymore. My back is supported and the adjustable arms make it feel custom made for me!","Was this review helpful to you?","Flag this review"
"5","Awesome","Submitted","2 years ago","By","Vicken H.","From","Canada","No more back pain","Was this review helpful to you?","Flag this review"
"5","Great chair!","Submitted","2 years ago","By","Suzanne L.","From","USA","Very comfortable- glad I bought it!","Was this review helpful to you?","Flag this review"
"5","Great chair","Submitted","2 years ago","By","Peter R.","From","USA","Quick delivery. Well-made. Very comfortable. Great for home office.","Was this review helpful to you?","Flag this review"
"5","Great chair","Submitted","2 years ago","By","Matthew T.","From","USA","Great chair that makes it easy and comfortable to sit down in all day. Breathable and cool to sit in.","Was this review helpful to you?","Flag this review"
"5","Cosm Chair","Submitted","2 years ago","By","Niko P.","From","USA","Great look and design, very comfortable and supportive for working and sitting in all day.","Was this review helpful to you?","Flag this review"
"5","Finally a chair I truly enjoy","Submitted","2 years ago","By","Erin M.","From","USA","I never dreamed the chair with the fewest knobs and adjustments would provide the best level of comfort… but they pulled it off. :)","Was this review helpful to you?","Flag this review"
"5","Just super.","Submitted","2 years ago","By","ALEKSANDAR J.","From","Canada","Light. Solid. My back hurts no more.","Was this review helpful to you?","Flag this review"
"5","Just great","Submitted","2 years ago","By","Pete S.","From","USA","Love the look and love the support and feel.","Was this review helpful to you?","Flag this review"
"5","Great Chair","Submitted","2 years ago","By","Fredrick W.","From","USA","Nice. Encourages good seating posture. Also very attractive chair.","Was this review helpful to you?","Flag this review"
"5","Awesome chair!","Submitted","2 years ago","By","Edward S.","From","Canada","Awesome chair!","Was this review helpful to you?","Flag this review"
"5","Cosm Chair","Submitted","2 years ago","By","Eduardo V.","From","Canada","Amazing :)","Was this review helpful to you?","Flag this review"
"5","Different can be better","Submitted","2 years ago","By","Joshua W.","From","USA","This is my second Cosm Chair. We liked the first one so much, that we ended up getting a second for my partner to match. The chair does take a bit to get used to, but the support through simplicity allows for us both to love this chair.","Was this review helpful to you?","Flag this review"
"5","Worth It","Submitted","2 years ago","By","Nathan T.","From","USA","Started working remote with the pandemic. I had never purchased an office chair before, and went with the Cosm. My back was feeling better in less than a week, and I can sit comfortably for hours. It was a hefty price tag, but has been worth it for me.","Was this review helpful to you?","Flag this review"
"5","Seating Bliss","Submitted","2 years ago","By","Kenneth T.","From","USA","I couldn't be happier with my new Cosm chair. After weeks of research I chose a perfect chair to replace my dilapidated 18 year old Freedom chair.","Was this review helpful to you?","Flag this review"
"5","Good chair","Submitted","2 years ago","By","Tina T.","From","USA","At first I didn't think it was comfortable, but giving it time, this chair reduces my backache and it corrects my posture. Good Chair!","Was this review helpful to you?","Flag this review"
"5","LOVE IT","Submitted","2 years ago","By","Cynthia G.","From","USA","I love everything about this chair -- the comfort, the support, the quiet wheels, the color -- just what my office needed for a better 10-hour work day at the computer!","Was this review helpful to you?","Flag this review"
"5","I'm petite (5'2"") and it's","Submitted","2 years ago","By","Laura T.","From","USA","I'm petite (5'2"") and it's hard to find a desk chair that doesn't swallow me. Purchased the low-back with fixed arms and am loving this so far. It doesn't adjust a lot, but is flexible enough to lean back with me when I need to move around and I can spin it sideways to rest my arm over the back. I'm a fan.","Was this review helpful to you?","Flag this review"
"5","Love it","Submitted","2 years ago","By","Roy M.","From","Canada","Regret waiting so long to finally buy it. Great chair, feel so much better at the end of a day working from home.","Was this review helpful to you?","Flag this review"
"5","It's got all I expected!","Submitted","2 years ago","By","Malick D.","From","USA","Excellent.","Was this review helpful to you?","Flag this review"
"5","Aesthetics and Comfort","Submitted","3 years ago","By","Zachary","From","USA","This chair has transformed working from home. Comfort is great. The only negative is the fixed arms can be less comfortable after several hours in the chair.","Was this review helpful to you?","Flag this review"
"5","No More Back Pain","Submitted","3 years ago","By","John","From","USA","Very comfortable and an easy chair. Only height adjustment (unless you opt for the adjustable arms, which I did)...a simple chair without those bizarre complex settings.","Was this review helpful to you?","Flag this review"
"5","Better than my Aeron","Submitted","4 years ago","By","D","From","USA","I was going to get a Sayl to replace my Aeron chair. After a long sit test, I found this more to be more comfortable than Sayl and Mirra. Reclining on this chair is much smoother than Sayl and the back doesn't cut into your shoulders.The low back variant is not as comfortable for someone tall and I opted against the high back in case I get too relaxed while seated","Was this review helpful to you?","Flag this review"
"5","Chair is great","Submitted","4 years ago","By","Charles","From","USA","The chair is much better than I hoped it would be. I have a bad back and this chair was very helpful.","Was this review helpful to you?","Flag this review"
"5","Renata R.","Submitted","4 years ago","By","Renata","From","USA","I have no idea why I let my back suffer all this while without a proper work chair. My back issues have improved dramatically, especially my neck and slump. They must have done a good amount of research to create this specific chair, it provides comfort and ergonomic back care for sure. I love the mesh feature, it cradles me like a solid hammock throughout the day and I'm so glad I've made the investment.","Was this review helpful to you?","Flag this review"
"5","Comfort and Style","Submitted","5 years ago","By","Derek","From","USA","Amazing! I have lower back issues that are made worse from sitting long hours at work. I wanted something with lumbar support, but didn't look orthopedic. For the first time in years I can sit for hours and have no back pain! And the chair looks so stylish.","Was this review helpful to you?","Flag this review"
"5","Love it","Submitted","5 years ago","By","Dan","From","USA","I just built a new house and ordered this chair for my office. I love how this chair is comfortable without having a dozen knobs to adjust. It just works.","Was this review helpful to you?","Flag this review"
"4","Nice, but...","Submitted","3 months ago","By","Karen R.","From","USA","I wanted a comfortable, colorful office chair for my sunroom desk. I found this online and fell in love. Online, big mistake. I ordered the high back chair without actually sitting in it first. Another big mistake. The chair is beautiful in the canyon color, but I'm too small to lean the chair back and relax. (5'4"" 130 pounds). I have to maintain an upright posture while using the chair which is OK for a short time. But my butt gets tired and I want to lean back, but I can't. I wish there was a way to loosen the tilt tension.","Was this review helpful to you?","Flag this review"
"4","Great Chair but wheels are too active","Submitted","4 months ago","By","Jane D.","From","USA","I think the chair is great for all it represents. The only issue I have is that it rolls out from under me when i stand and i've had to check to make sure i'm actually able to sit back down. Any suggestions?","Was this review helpful to you?","Flag this review"
"4","Back pain is gone","Submitted","7 months ago","By","Kasey K.","From","USA","I should've bought this a lot sooner.My hang up was the aesthetic of an ergonomic chair… not great, but the cosm is the least offensive one I've found and my back is *much* happier.","Was this review helpful to you?","Flag this review"
"4","Comfortable, but not what I expected","Submitted","10 months ago","By","Vicky","From","Canada","I am currently working from home, so I've had my eye on a more ergonomic office chair for a while. I liked the idea of the Cosm because it doesn't require many adjustments. I have been sitting in it for a few weeks now, and it is pretty comfortable. I really like the mesh base, which breathes better than letter or fabric. My only complaint is that the colours are not what were pictured when I placed the order. I ordered the Graphite frame with Mineral mesh - in the photos online, the trim around the mesh was the Graphite colour, but in reality it is the Mineral colour. This was disappointing when the chair arrived. It was not what I was expecting and I liked what was shown online better. Overall, I am happy with the chair, but I do wish the product photos had been accurate as it may have impacted my choice of colour.","Was this review helpful to you?","Flag this review"
"4","Most comfortable chair ever--but still not short enough","Submitted","1 year ago","By","Jessica K.","From","USA","I bought this chair knowing that it couldn't go as short as I needed, but after searching everywhere and trying out all the other Herman Miller chairs, I realized that no more comfortable chair existed. I have to put a two inch platform on the floor to rest my feet, which is less than ideal, but it is still the most comfortable chair. Just needs a lower seat minimum by two inches to be the inclusive to the shorter audience.","Was this review helpful to you?","Flag this review"
"4","Decent chair","Submitted","1 year ago","By","Samuel B.","From","USA","Very nice chair aesthetically pleasing simple maneuvering. On wood however doesn't stay in place easily.","Was this review helpful to you?","Flag this review"
"4","Nice chair","Submitted","1 year ago","By","Robert S.","From","USA","This would have been a five star rating, except for the fact that the tension setting for tilting back is too tight. Otherwise it is great. Wanted something a bit smaller for my home office than the Aeron. This fits the bill nicely.","Was this review helpful to you?","Flag this review"
"4","Nice chair, not as much back support as I like.","Submitted","1 year ago","By","Fabian M.","From","USA","Overall its a very sleek, comfortable, well made chair. The fixed arm rests (not the leaf, but the regular ones) are a bit low and are probably only high enough for you if you are below 5ft 9"". I generally don't mind the lack of adjust-ability but I would prefer more lumbar support, it would be great if HM would offer a lumbar support attachment similar to the one for the Aeron chair.","Was this review helpful to you?","Flag this review"
"4","Perfect for lounging, but not for tasking","Submitted","2 years ago","By","Semih S.","From","Canada","I really wanted to LOVE Cosm, but I returned it with a bit of frustration because it was so close to being perfect, but it wasn't. I got an Aeron Remastered instead. I had the high-back Cosm with adjustable arms. I am 5' 9"" and 170 lbs, and work from home as a software developer, so I would be sitting in this chair 10+ hours a day in front of a desk. The chair is perfect for comfort. The mesh seat fits like a glove and fully supports my lower back. In fact, I loved sitting in this chair so much that I forgot to move to my armchair for relaxation for many days. The lack of tilt lock and not being able to directly adjust recline tension makes Cosm quite limited for desk use. When I was in front of my desk, I kept reclining back, having to use force to keep my body up and then eventually reclining all the way back despite wanting to stay upright. This position is really bad for your neck if you are looking at a screen. I don't like that increasing recline tension is coupled with chair height. I know that I can increase height to increase recline tension, but then I would also have to adjust my screen and table height, which doesn't make any sense.Pros:- Mesh design is awesome and very comfortable on my back- Adjustable arms are useful and nicely fitting.- Aestheticaly pleasing- Rocking mechanism is fluid-like and smoothCons:- Lack of recline tensions adjustment- Lack of tilt lock- Mesh design might have been pushing too much into my lower back. I had some lower back soreness but I had also changed my pillow around this time so I am not sure what the root cause is.I wish this chair worked out for me, but it didn't. It is a good chair but I wouldn't choose it for working in front of a computer.","Was this review helpful to you?","Flag this review"
"4","This chair is very comfortable","Submitted","2 years ago","By","Steven F.","From","USA","This chair is very comfortable and I love the styling and color. Two things to improve: the depth of the seat could be bigger so that a taller individual could have more back of the thigh support when seated and it needs a locking function for the chair back sitting angle.","Was this review helpful to you?","Flag this review"
"4","Great Chair for short meetings","Submitted","2 years ago","By","Shawn P.","From","USA","This chair wasn't as comfortable for long periods of sitting for me. I really needed the medium height back, but I ordered the short back. There also wasn't enough adjustments for me. It always felt like I was being pushed forward and needed to sit back a bit.I really liked the medium back COSM as it offered more flexibility, but the chair doesn't offer a lot of adjustments and with the Embody chair going on sale I went ahead and spent the extra few hundred bucks to get the top of the line.","Was this review helpful to you?","Flag this review"
"4","Great chair. Needs more customization","Submitted","2 years ago","By","Anthony F.","From","USA","Great chair. Needs more customization options.","Was this review helpful to you?","Flag this review"
"4","Fantastic back! Wonderful seat. If it could all just be a li","Submitted","2 years ago","By","Alex J.","From","USA","Chair - High back with adjustable arms, midnight blueUser - 6'0"" 230lbs, also with adjustable armsI absolutely love the suspension feeling this chair gives me. It's cool for the summertime, and isn't cold to sit in on winter days. All my major complaints would be solved by elongating the seat and making the back taller. It's a good width, and the support is all there - but I can't rest my head when taking a break, and my legs hang off the front by a good 3"" even when settled all the way back. If you can sit in one before you guy it, definitely do that. I bought blind after having use several other HM chairs, and I'm pleasantly surprised. The seat does not recline with the back. Initially I thought this would bother me, but I've grown used to it and it feels natural. Some inclination might be more comfortable, though. I also thought that the lack of adjustments would bother me, but I've adapted to that, as well - there's a sort of curve you can feel in the mechanism as you sit and lean back. If you're careful, you can lean back in the right 'spot' on the curve to select how much resistance the back will give to leaning. This is likely antithetical to what the chair was designed to do, but it suits me to be able to make a little bounce and change my spring rate.  Overall, the build quality is phenomenal. The color is very saturated - it looks and feels like it will last a long time. Individual components on this chair look like they might be a little less serviceable than on other HM chairs, but with this chair it doesn't make me worried. It sounds cheesy, but the design is really inspiring. It's so cool to look at, and it reminds me that not everything has to have a million bits and bobs to be a great product. It arrives fully assembled, and the unboxing was a lot fo fun because you're just presented with a completed object d'art. TL;DR - Really solid chair. Amazing suspension, really comfortable for long periods. Try it if you can, worth the price if you like it.","Was this review helpful to you?","Flag this review"
"4","Comfortable Chair","Submitted","2 years ago","By","Christopher W.","From","USA","Only thing I'd change is the seat is pretty shallow compared to most office chairs. It comes maybe 1/4-1/3 of the way down my thighs instead of further down. My office manager is shorter and likes it, so we kept it. Otherwise very comfortable chair.","Was this review helpful to you?","Flag this review"
"4","Pandemic Work from Home","Submitted","4 years ago","By","Kyle","From","USA","I purchased the Cosm chair because i could get it faster than an Aeron with the options I wanted during Corona. Expect to adjust the chair height so your legs are pretty much at or just above a 90 degree angle. If you have it too low you won't get a ton of resistance from the harmonic tilt and the chair will lean you all the way back. Pretty neat once you set it to a height that balances the chair. Other than that, it's been a life saver for working from home.","Was this review helpful to you?","Flag this review"
"4","Comfortable chair, but one main drawback","Submitted","4 years ago","By","Ari","From","USA","Overall, love the chair. Very comfortable to sit in for long periods of time. Good resistance so it doesn't lean back when I don't want to, but easy enough when I do. My only gripe is that the armrests are too far apart for me. Sitting so for table at my desk typing on a keyboard, I have to angle my elbows out a little to catch the armrests. Wish there was some adjustability there or it was a few inches closer.","Was this review helpful to you?","Flag this review"
"3","Too much push-back","Submitted","4 months ago","By","Robert N.","From","USA","When sitting in my new chair, the pushback from the chair toward my lower back is higher than in any other chair I have experienced and, presently, somewhat uncomfortable. I wonder if there is some way to adjust a tension and hence slightly reduce the pushback. Also, I though the color scheme of the chair I ordered was different. (I may be mistaken there.)","Was this review helpful to you?","Flag this review"
"3","Beautiful, but ultimately the seat not big/comfortable enoug","Submitted","5 months ago","By","Zac","From","USA","Returned my Cosm high back. So many things I love about it, unfortunately in the end the seat bottom was not large enough in either width or depth. It is a gorgeous design and very comfortable in many ways. When leaning back it's more comfortable than sitting upright. When I would sit up to work on my computer I noticed pretty quickly the seat being too small to fully support and legs would feel fatigued from the hard plastic edges digging in. I'm sure it would work for smaller / medium framed people. I'm a little bigger guy and wanted to love this chair. I really think Herman Miller is doing a disservice by trying to make it a one size fits all. They should have an XL version with larger seat bottom dimensions. Although I really think they nailed a lot of the auto adjustments within the chair (feels great), but it is still very limited in that way (only height up & down). I do like all the fully customizable adjustments the Aeron offers, so you can dial it in just perfectly to you. Returned my Cosm and got an Aeron and very happy with my decision. Also get the Atlas headrest for the Aeron and it's even better!!","Was this review helpful to you?","Flag this review"
"3","Leaf arms aren't great.","Submitted","10 months ago","By","Luis G.","From","USA","Resting arms on the leaf arms gets uncomfortable due to the hard frame around the edge of them. It would be nice if they were adjustable as well.","Was this review helpful to you?","Flag this review"
"3","Great chair but a little dissapointed at the quality control","Submitted","11 months ago","By","Alisa W.","From","USA","We already had the same chair so I new I was getting a great chair. I was a little disappointed that the right arm rest was not attached correctly. It only took me 5 minutes to fix with a torque screwdriver. However, when purchasing an $1800 chair I don't expect to have to repair it before I use it.","Was this review helpful to you?","Flag this review"
"3","Confused","Submitted","1 year ago","By","James C.","From","USA","I was supposed to receive in August. Still haven't received. I have requested an update. No one from your team has said anything.","Was this review helpful to you?","Flag this review"
"3","Nice Chair But Not Worth The Money","Submitted","1 year ago","By","Matt I.","From","USA","Nice chair for sure but certainly not worth the money.","Was this review helpful to you?","Flag this review"
"3","Enjoying my Cosm chair","Submitted","1 year ago","By","Ambreen K.","From","Canada","When I received my chair, on first sitting I was disappointed with the small seat size. When I started using it, I enjoyed sitting on the chair as it helped me get rid of my wrong sitting posture. Still, I believe with a little increase in seat size, this chair can be even more comfortable.","Was this review helpful to you?","Flag this review"
"3","Great but","Submitted","1 year ago","By","Kejo H.","From","USA","The chair itself is great. I can't love it more. However there were no warranty sticker on the back of the chair as manual suggested. I asked about this through customer support and received no replies at all after months. Which makes me unable to register the product.","Was this review helpful to you?","Flag this review"
"3","Decent Chair","Submitted","1 year ago","By","Sandra H.","From","USA","I like how stylish this chair is but as an average sized woman, I have a hard time getting the chair to lean back without straining myself and sliding backwards. I wish the arm rest was slightly higher (cus it's not adjustable).","Was this review helpful to you?","Flag this review"
"3","Lack of tilt adjustment","Submitted","2 years ago","By","Ross Z.","From","USA","I was disappointed to find out that there's no tilt adjustment.","Was this review helpful to you?","Flag this review"
"3","cannot lean back","Submitted","2 years ago","By","KH","From","USA","I initially purchased high back cosm and realized i could not lean back but my husband could. I weigh 130lbs and 5'5'' tall. Maybe i have to weigh more or taller to be able to lean back. So I bought mid back chair this time hoping i can lean back. nope. still cannot lean back and there's no adjustment that i can do. I like the design and how it's built. but i'm little disappointed that i can't enjoy as much as what i paid.","Was this review helpful to you?","Flag this review"
"3","Was expecting more control of","Submitted","2 years ago","By","Adam S.","From","USA","Was expecting more control of tilt. Not as comfortable as other chairs for long sitting. The high back was the attractive portion. That's why I chose this one. If I could purchase over, I would choose a different chair.","Was this review helpful to you?","Flag this review"
"3","Really nice, cool chair but too much pressure on the tailbon","Submitted","2 years ago","By","Michael S.","From","USA","It was breezy cool to sit in but it may not be for you if you have a sensitive tailbone like mine. It felt fine when I tried it in a store, but over a few long work-days, it turned out to be too firm in the tailbone area, and I had to go back to my old, softly padded but unbreathing office chair. HM customer service was good to deal with and arrange the return.","Was this review helpful to you?","Flag this review"
"2","Stylish hot garbage","Submitted","4 months ago","By","S H.","From","USA","I'm somewhat dissatisfied with the COSM chair I purchased earlier this year. Particularly, I find that the chair's mesh feels quite uncomfortable compared to the Aeron's mesh at my office (maybe it's because they are worn in but I'm not sure). Additionally, the leaf arms are incredibly uncomfortable on my elbows and the mesh has worn away at my skin. The lack of adjustability on the leaf arms also makes it an unpleasant experience for my trapezius area--which is often sore--and I find myself inadvertently hunching as consequence fairly frequently as well. If there is any way I could exchange this for an aeron or return this or exchange leaf arms for adjustable arms, I would. In all the chair looks great and feels great for the first 2 minutes that you sit on it but the longer you sit on it the more you loathe it. It is not good for work (posture) or pleasure (again posture) and certainly not for relaxation as reclining tension is wonky and reclining depth feels very limited. Do yourself a favor and skip this chair as it is a complete waste of money unless you want an uncomfortable and unjustifiably expensive art piece for a chair. Given the price combined with the pain of waiting for shipping on time and then delivery only to get this ""chair""...easily one of the worst purchases I've ever made","Was this review helpful to you?","Flag this review"
"2","Just Ok, At Best","Submitted","8 months ago","By","David E.","From","USA","Not worth the hype. It's fine, but the lack of adjustment isn't great. If you don't have very long legs, you'll have to find some awkward place on the base to put your feet. The lean-back function is fine, but if you're not large you'll have to put your arms up over your head to get it to engage. And I'd stay away from the lead arms. Not comfortable. The suspension, of course, is nice, but I wouldn't purchase again.","Was this review helpful to you?","Flag this review"
"2","Too bulky","Submitted","2 years ago","By","Daniel L.","From","USA","Chair was too large and bulky. Was not customizable. Gave a sensation of feeling trapped in your shoulders, and just was generally clunky/not as comfortable as I expected. Returned it and looking for other models.","Was this review helpful to you?","Flag this review"
"2","Traps oils, marks up + stains easily","Submitted","2 years ago","By","Chris D.","From","USA","Do not wear blue jeans while sitting in this chair as the white material stains incredibly easily. The rubber arm rests also trap everyday oil from your arms and turn black over time. I wound never get this color again.","Was this review helpful to you?","Flag this review"
"2","Not worth the money","Submitted","2 years ago","By","Denny A.","From","USA","Construction wise five stars. Comfort? Lacking a lot.","Was this review helpful to you?","Flag this review"
"2","Not comfortable","Submitted","2 years ago","By","Michael","From","USA","I have had this chair now for well over a year and I have held off on writing a review, but it has gotten to the point where I had to come on here and state my true feelings. Aesthetically, this chair cannot be beaten. It is probably the most stunning chair design I have ever seen. However, its comfort is nonexistent, to be honest. I don't think there is anything that can challenge Herman Miller's Aeron when it comes to comfort. This chair causes me lower lumbar support pain and since it cannot be changed or fixed and is spring-loaded with your own weight, it is hard to get in to a position that matches your needs.","Was this review helpful to you?","Flag this review"
"2","Cosm Purchaser","Submitted","2 years ago","By","Lee","From","USA","I just received the Cosm High Back version after ordering on-line. I have to say, I'm disappointed with the chair. The seat depth is minimal and doesn't provide good support for my legs. I'm not a tall guy (5' 9"") and have normal torso and leg length. My Aeron was much more comfortable than the Cosm. I miss it already! My advice to prospective purchasers would be to definitely try out the Cosm in person and sit in it before buying. Too, unless I'm in reclining position, my arms feel like they are sliding off the leaf style arms. The leaf arms make the chair look cool and modern, but the function/comfort of them is lacking.","Was this review helpful to you?","Flag this review"
"2","Good and Bad","Submitted","2 years ago","By","James T.","From","USA","Top quality materials and constructions. Good looking design and colors. Seat hard and uncomfortable compared to the Embody. Lacks sufficient adjustments for comfort.","Was this review helpful to you?","Flag this review"
"2","Only one flaw, but it's major","Submitted","5 years ago","By","Nate","From","USA","If it weren't for one glaring flaw, this would be the best chair I have ever sat in. The mesh provides remarkable support while remaining breathable. The construction felt bullet proof. The look is super sexy.The issue? You can't lean back without any amount of weight or you end up fully reclined. This was intentional on HM's part as the chair is supposed to sense your weight and recline the perfect amount. Trouble is, it doesn't work right. Mine let me fall all the way back after putting maybe 40% of my weight backward.This chair is perfect, except that I had to return it.","Was this review helpful to you?","Flag this review"
"1","Considering returning it is so bad","Submitted","4 months ago","By","Ricky C.","From","USA","It is not at all what I sat in the showroom. Springs are too tense to adjust. It seems like it is a bigger size made for someone 50 lbs heavier and I am not heavy enough to actually adjust it. Most uncomfortable chair I have sat on","Was this review helpful to you?","Flag this review"
"1","Broken chair","Submitted","10 months ago","By","Melissa B.","From","USA","I received a broken chair and have yet to receive it's replacement. I will not be ordering from Herman Miller in the future.","Was this review helpful to you?","Flag this review"
"1","bad customer service","Submitted","1 year ago","By","Mark S.","From","USA","got a broken armmy salesperson would never answer my email and finally she sent me an email saying someone in customer service will contact me after 5 attempts to get her to respond over a 2 weeks period. i regret paying money for a brand that does not keep its promise","Was this review helpful to you?","Flag this review"
"1","Defective product and bad customer service","Submitted","1 year ago","By","Hilarie M.","From","USA","My chair arrived missing a wheel. It took at least 6 calls and 2 weeks to get a replacement wheel. I'm still waiting for the CORRECT replacement wheel because they did not have the correct color in stock.","Was this review helpful to you?","Flag this review"
"1","Mr.","Submitted","2 years ago","By","Manny Y.","From","USA","This is one of the most uncomfortable chairs. The seat is not deep enough and you find yourself constantly sitting on the tip of the seat (slipping away). The chair forces you to sit up straight. This gives me both upper back problems when I try to write something and low back problems because not sufficient support below (due to the shallow seat).","Was this review helpful to you?","Flag this review"
"","","","","","","","","","",""
"1","Great chair but those arm rests","Submitted","2 years ago","By","Christian K.","From","USA","The mesh arm rests are horrid if you intend to actually ever use them. Rest of the chair is fantastic.","Was this review helpful to you?","Flag this review"
"1","One of the best design but the worst comfortability","Submitted","2 years ago","By","marcos C.","From","USA","One of the best designs but the worst comfortabilityIt was love to the first saw. My fiance and I went to the store, and we love it, but once we used it for more than one hour, my back pain my wife even stop to use it. So sad, we had to return it and get an Aeron (gaming edition); the back on this chair is so nice.I have to say it. thanks to Herman Miller for continuing to improve or realize new designs and ideas, but this chair will not be one of the best.","Was this review helpful to you?","Flag this review"
"1","Lack of ergonomic support","Submitted","4 years ago","By","Dave","From","USA","The chair has only 1 function, adjustment of height, that's all. You can't even lock the chair upright.No tilt limiter.No tension control.No adjustable lumbar.No fully adjustable arms.No seat depth adjustment.If the chair's default adjustment is not suitable, which was what I was facing, that's it.","Was this review helpful to you?","Flag this review"
"","","151-153","","","","","","","",""