"stamped-review-avatar-content","created","author","stamped-lazyload src","review-location","stamped-review-header-title","stamped-review-content-body","stamped-review-product"
"TN","23/11/2020","Trixie N.","https://cdn.stamped.io/cdn/flags/my.svg","Malaysia","Very good chair","Very comfortable and ergonomics. Can Sit on the chair for ages","Secretlab OMEGA 2020"
"XH","21/11/2020","Xu H.","https://cdn.stamped.io/cdn/flags/sg.svg","Singapore","5 star for the look, 3 start for comfy","It's as nice as the picture but I was expecting much higher on the comfy level.
The chair surface is a bit too hard and same as the pillow. I need the pillow position to go lower than it could to support my shoulder, not my head. Got shoulder pain after a few days.
Besides, pillow was not stitched properly, can see a big gap.
I feel fabric would be a better choice, now regret..","Secretlab OMEGA 2020"
"NM","18/11/2020","Nash M.","https://cdn.stamped.io/cdn/flags/us.svg","United States","Great Buy!","Any of the secret lab chairs would do you right at any price point.","Secretlab TITAN 2020"
"QG","18/11/2020","QING G.","https://cdn.stamped.io/cdn/flags/ca.svg","Canada","Solid builds, but make my back pain","I have used this chair more than one year, the build of it is very solid and the materials are very good, however it's too hard for me, long time use make my back feels pain.","Secretlab OMEGA 2020 SoftWeave®"
"KH","17/11/2020","Koen H.","https://cdn.stamped.io/cdn/flags/nl.svg","Netherlands","Secretlab - Batman Titan","Sturdy chair and comfortable sessions up to 8hrs.
Clean design","Secretlab TITAN 2020"
"","","","","","","",""
"TS","13/11/2020","Teck S.","https://cdn.stamped.io/cdn/flags/sg.svg","Singapore","A serious upgrade.","Overall experience has been absolutely brilliant. 

Ordering was a breeze. Payment was made so much more pleasant with installments. Delivery was brought forward by a whole month and the Secretlab team was prompt in calling me to reschedule!

On delivery, the Secretlab team set up the chair for me real quick and very professionally!

I never got a gaming chair before so I did my research, saw great (and not so great reviews) of Secretlab chairs. What got me sold was the stories of great customer support and Secretlab's attention to improving their products.

Now, I can study & work comfortably! My back thanks you!","Secretlab TITAN 2020"
"CY","12/11/2020","Chun Y.","https://cdn.stamped.io/cdn/flags/sg.svg","Singapore","So far so good","No issues with the chair, working as expected.

All the mechanism are working well.","Secretlab OMEGA 2020"
"JY","11/11/2020","Jaslynn Y.","https://cdn.stamped.io/cdn/flags/sg.svg","Singapore","Comfortable chair","Nice to sit and comfortable to sleep in it just that the head:neck cushion can be better I still get neck ache with it despite trying to get it in the best spot for my neck. It’s also sad that the lumbar cushion only goes with omega chairs.","Secretlab TITAN 2020 SoftWeave®"
"LS","11/11/2020","Lucas S.","https://cdn.stamped.io/cdn/flags/sg.svg","Singapore","Very comfortable chair!","I've been using the chair for 3 weeks now, it's been a great time with this chair. Looking forward to even better months ahead with my Secretlab!","Secretlab TITAN 2020 SoftWeave®"
"FW","09/11/2020","Francis W.","https://cdn.stamped.io/cdn/images/pixel.png","Singapore","Worth Every Penny","Took me a lot of consideration before getting one due to the price, but decided to take a leap of faith and got a Titan 2020 Stealth. Been using it for 2-weeks now, I must say that Secretlab chair is worth every single penny! The sturdy lower back support means goodbye to my chronic back pains and the cushy seat makes long hours sitting so comfortable. I'm so happy and satisfied with the Titan 2020 and gotten another Omega 2020 for my wife!! We both enjoy our chairs and glad that we decided to make those purchases!","Secretlab TITAN 2020"
"GY","05/11/2020","Git Y.","https://cdn.stamped.io/cdn/flags/my.svg","Malaysia","Awesome Chair","What a comfy chair from Secretlab and solve my back pain since study at home due to this pandemic. Totally worth it, hope it can really use for a long time.","Secretlab OMEGA 2020"
"TC","04/11/2020","Tianle C.","https://cdn.stamped.io/cdn/flags/sg.svg","Singapore","Secret lab chair’s comfort level","Thank you Secret lab for the chair. The overall design is nice as i really love this pink diva chair. However as I tend to like to sit up straight when I am using my laptop. I find this chair structure does not provide good support for straight sitting position. The chair works better for leaning backwards in a relaxed position. Thanks.","Secretlab OMEGA 2020 SoftWeave®"
"DP","03/11/2020","David P.","https://cdn.stamped.io/cdn/flags/au.svg","Australia","Completely satisfied","SecretLab was very responsive to my emails and guided me through my entire journey as a customer, from start to finish. The chair itself is nothing short of A grade quality. By far the best chair I have ever owned or even sat on. Could not be happier! Great job, guys!","Secretlab TITAN 2020"
"DT","29/10/2020","Daniel T.","https://cdn.stamped.io/cdn/flags/sg.svg","Singapore","Comfortable and Good for sitting posture","It is no secret after you buy it - the chair hugs the body or is it the body hugs the chair. Hmm.. anyway it has been really comfortable and the lumbar support and neck-rest keep you in the right posture too. You can sit longer in the chair but it is better if you can get up and walk too. Thumbs up!","Secretlab OMEGA 2020 SoftWeave®"
"TX","27/10/2020","Tan X.","https://cdn.stamped.io/cdn/images/pixel.png","Singapore","Secret lab review","The chair is really comfortable unlike the ones I had before. It gave me good back, neck and shoulder support. In the past, ill always have neck aches and back pain. But once I've switched to secret lab 's chair, never had I complained again. It's really comfortable and worth every dollar!","Secretlab OMEGA 2020 SoftWeave®"
"HE","26/10/2020","H E.","https://cdn.stamped.io/cdn/flags/sg.svg","Singapore","SecretLab chair","My legs could not touch the floor unless I leaned my body forward, bit of surprise on that. Rest are all fine.","Secretlab TITAN 2020"
"ET","25/10/2020","Edwin T.","https://cdn.stamped.io/cdn/flags/sg.svg","Singapore","Great Chair for my Work From Home setup!","Really love this chair, been having back pain sitting on a not so ergonomic chair previously in this work from home period.

Loving that I can adjust the chair to my liking (I like to lean back to an almost lying down setup and look at my monitor from a distance, at the same time I can readjust back up when i need to have any video conference call. Worth every cent.","Secretlab OMEGA 2020"
"ER","24/10/2020","Eric R.","https://cdn.stamped.io/cdn/flags/us.svg","United States","High Quality!!!","So I've had this chair for about 6 months now and it's easily the best gaming chair I've owned. The quality is top notch and I can see this chair lasting me years. My only complaint, albeit minor, are the arm rests. Due to the functionality of the arm rests to turn in and out, they are a little loose at the top. Also, the padding on the arm rest could be a little softer as it tends to hurt my elbows after a while.","Secretlab TITAN 2020 SoftWeave®"
"DK","24/10/2020","DON K.","https://cdn.stamped.io/cdn/flags/ph.svg","Philippines","Custom Duties and Tax","Bought the team liquid and the GOT chair. They are all nice. However, I hope in the order or payment page, you would put a disclosure that the buyer will be shouldering custom duties and taxes.","Secretlab OMEGA 2020"
"AD","23/10/2020","Annalea D.","https://cdn.stamped.io/cdn/flags/gb.svg","United Kingdom","Back saver!","My first month of working from home was spent on a cheap office chair I'd had for a while. It was comfortable enough for a few hours here and there, but sitting in it for an 8 hour work day, 5 days a week was HORRIBLE. I started to get pains in my lower back, upper back, hips... you name it, it all hurt.

6 months ago I took the plunge and invested in a Secretlab Omega. It's the most expensive chair I've ever bought but worth every penny. I use this chair comfortably for 8 hours plus a day without any aches and pains, and it's still as sturdy as ever. It doesn't fix my bad posture (that's on me!) but the chair and support pillows definitely encourage me to have better posture.

The softweave fabric is great, it feels really soft, doesn't look too 'gamer' and keeps relatively cool too.

Even the box it came in and the assembly tools and instructions were premium quality and easy to use.

All in all a brilliant chair and a great option if you're going to be working from home for any great length of time.","Secretlab OMEGA 2020 SoftWeave®"
"MD","23/10/2020","manon d.","https://cdn.stamped.io/cdn/flags/ca.svg","Canada","Perfect","I M ABOUT TO BUY AND OTHER ONE HAS A GIFT.

tHANK SERCRET LAB FOR YOUR AMAZING CHAIR.","Secretlab OMEGA 2020"
"JC","21/10/2020","jeremy C.","https://cdn.stamped.io/cdn/flags/sg.svg","Singapore","Jeremy’s TITAN","Very comfortable, I was able to adjust the chair to maintain a good posture and it is just the right size for my work from home setup. The materials and cushioning of the seat, backrest and armrests give it a premium feel.","Secretlab TITAN 2020 SoftWeave®"
"SC","13/10/2020","sonia c.","https://cdn.stamped.io/cdn/flags/sg.svg","Singapore","League of Legends X Secret Lab Akali","Really nice looking chair and comfortable","Secretlab OMEGA 2020"
"BS","12/10/2020","Bikram S.","https://cdn.stamped.io/cdn/flags/au.svg","Australia","Really comfortable","Would highly recommend anyone, Everyone who has since sat on this chair at my home has really liked it.","Secretlab OMEGA 2020"
"GL","09/10/2020","Grace L.","https://cdn.stamped.io/cdn/flags/au.svg","Australia","Best chair since sliced bread!","It has been the most supportive and comfortable chair I have been in, and since working from home this is the ultimate in comfort while I spend my days in front of the screen 

Thanks so much for the easy setup, quality product and keeps me comfortable!","Secretlab OMEGA 2020 SoftWeave®"
"JE","07/10/2020","Jack E.","https://cdn.stamped.io/cdn/flags/au.svg","Australia","Comfortable & Stylish Desk Chair","I have been using my TITAN gaming chair for over 1 year now, and I am trilled with my purchase! Ordering was painless, shipping free & fast and unboxing/assembling was a pleasurable experience. The chair itself has all of the customisable features I wanted such as: a head pillow, chair tilt, adjustable back support & armrests. The fabric is soft, comfortable and a beautiful unique colour which I love. I would certainly recommend this chair & Secretlab to anyone, it is 100% worth the investment for a quality product in the end. You will notice initially, the chair seems firm at first - but they are right it makes sitting for extended periods more comfortable. The cheap foam in generic office chairs appears comfy at first, but quickly sags & flattens which my TITAN chair has not done in well over a year now! Still like brand new, they without doubt last as they are built to do. Thanks!","Secretlab TITAN 2018 SoftWeave™"
"ES","07/10/2020","Eddy S.","https://cdn.stamped.io/cdn/flags/fr.svg","France","Parfait","Je l'utilise depuis un an et demi, il est parfait, j'arrive même à dormir dessus, mes amis sont jaloux !
Mon chat a balancé un coup de griffe dessus, c'est invisible !","Secretlab TITAN 2018"
"ST","03/10/2020","sal t.","https://cdn.stamped.io/cdn/flags/us.svg","United States","amazing","easy to assemble and my back thanks me everyday","Secretlab TITAN 2020"
"WC","01/10/2020","william c.","https://cdn.stamped.io/cdn/flags/ca.svg","Canada","D va chair","I love this chair a lot i have used it for the past three months and it was easy to assemble and i love the cushioning only thing i am scared of is the bottom where there is metal clips, it might rip otherwise I love the design and feel of it.","Secretlab TITAN 2020 SoftWeave®"
"MB","28/09/2020","Martin B.","https://cdn.stamped.io/cdn/images/pixel.png","Canada","Almost feel like sitting in heaven.","I had back problem and sitting in it brought(and still bring me) releave to my back. I can sit in it for the all day and having no disconfort. And i love the PU leather, feels great. The only problem, there is a little slack between the tilt mechanism and the hydraulic piston. Even on the lock position, there is a little rocking movement. 4,5*","Secretlab TITAN 2020"
"GZ","28/09/2020","Guowei Z.","https://cdn.stamped.io/cdn/flags/sg.svg","Singapore","Awesome Chairs","Chairs are value for money. Highly Recommended","Secretlab OMEGA 2020"
"ET","24/09/2020","Eric T.","https://cdn.stamped.io/cdn/flags/my.svg","Malaysia","Best chair i ever had","Secretlab Titan fixed my back pain issue!","Secretlab TITAN 2020"
"RW","23/09/2020","Robert W.","https://cdn.stamped.io/cdn/flags/gb.svg","United Kingdom","Great chair","Been using my chair for around 3 months now and it is brilliant. It's taken some time to get used to as my previous chair was much softer and there are so many settings to change to suit my body.

Although the chair is great, I have encountered a problem with it recently, the arm rests are quite loose feeling and wobble quite a bit and the right arm rest has started making a horrendous screeching sound when it moves.

One further suggestion, which isn't a big problem, but it would be nice is the cushion had a larger band so it could be used lower down to support the upper back as I rarely sit back straight enough for it aid my neck in any way.","Secretlab TITAN 2020"
"GL","23/09/2020","Gauthier L.","https://cdn.stamped.io/cdn/flags/fr.svg","France","Nice chair","Very good, comfortable and neat!","Secretlab TITAN 2020"
"TT","22/09/2020","Thomas T.","https://cdn.stamped.io/cdn/images/pixel.png","Australia","No more sore butt","I used to sit in a pretty standard mesh office chair you get from ikea, which was fine, but it made my butt sore after a couple of hours. with the whole work from home thing, i decided to get a secret lab chair as a tax write off, but honestly, i wish i bought it earlier and i wouldnt care if it was a tax write off or not. its just that comfortable. i sit in it for the whole day and will still be comfortable. my gf is so in love with mine, shes even considering getting her own. defs recommend to bite the bullet and get one","Secretlab OMEGA 2020 SoftWeave®"
"LR","22/09/2020","Lionel R.","https://cdn.stamped.io/cdn/flags/be.svg","Belgium","Real comfort","A real comfort, we do not feel the hours passed. Very easy to assemble. A chair that I do not regret at all.","Secretlab OMEGA 2020 NAPA"
"AM","20/09/2020","Alexander M.","https://cdn.stamped.io/cdn/flags/de.svg","Germany","Secretlab OMEGA 2020 SoftWeave = Best Chair !!","I've had a lot of gaming chairs, but this chair beats everything. The workmanship is just great and you can feel the quality. Unfortunately, there was a small flaw in my chair, but it was fixed very quickly by the great support. The support is easy and very fast.","Secretlab OMEGA 2020 SoftWeave®"
"KT","20/09/2020","King T.","https://cdn.stamped.io/cdn/flags/sg.svg","Singapore","Not as good as expected","The seats is alright however not as good as expected. Have yet to test for another few more days to see the outcome.","Secretlab TITAN 2020"
"AL","18/09/2020","Anouk L.","https://cdn.stamped.io/cdn/flags/us.svg","United States","Chair","Good. very sturdy chair. would recommend.","Secretlab OMEGA 2020"
"DM","17/09/2020","Dylan M.","https://cdn.stamped.io/cdn/flags/sg.svg","Singapore","I feel like I'm being reconfigured","Love the chair! It looks awesome on video calls and it has been great for my back. The integrated lumbar seems to be all I need. I used to work 10 minutes at a time, lots of breaks, but now I can remain focused when I need to. The Stark model keeps my study space extra bright. It's heavy enough that it only rolls around when I want it to roll around. A great buy and very proud there are Singaporeans responsible for it.","Secretlab TITAN 2020"