"y-label","y-label 3","y-label 4","content-title","content-review"
"Verified Reviewer","On","share","",""
"Kiran J.","11/09/23","On Leap","Very ergonomically adjustable chair. Plastic","Very ergonomically adjustable chair. Plastic arm rests should be padded for a chair in this price range, they look cheap.  The height adjustment is rigid and not quick and fluid."
"Catherine W.","11/08/23","On Leap","Two thumbs up","Very comfortable and high quality chair!!"
"Jade L.","11/05/23","On Leap","Best chair IMO","I love this chair! I can get through my entire work day without feeling uncomfortable and for that it's the best chair I've ever had. Plus the muted green fabric looks great in my office."
"Michel S.","11/02/23","On Leap","Perfect from Day 1","Extremely easy to assemble, comfortable from Day 1, every adjustment I need, no rattling, high quality fabric, basically the perfect home office chair. I just wish Federal ExtraSlow would deliver faster, the chair spent more time in their hands than it took Steelcase to manufacture."
"Daniel K.","11/02/23","On Leap","Max Adjustability","Love my leap. Had to retire my old office chair and was waffling between the leap and aeon. Went with the leap for adjustability and was not disappointed."
"Raymond S.","10/25/23","On Leap","Best I've tried for all-day comfort","Once you get past the 'cheapie' from Office Depot or Ikea and the 'designer one' from Crate and Barrel, you realize that the comfort of all the pieces is important. I've purchased and had to later sell the Aeron - because it was too narrow and cut into my legs. The HumanScale looks good but has terribly inadequate seat padding. The Steelcase Leap"
"Verified Reviewer","On","share","",""
"Stephanie C.","09/19/23","On Leap","Comfortable and well made!","Comfortable and well made!"
"Arnel M.","09/14/23","On Leap","Great buy! Graduated from a Mirra 2.","Easy to assemble, lots of adjustments that are easy to do. I used to sit on an HM Mirra 2, and this seat is much more comfortable. I haven't had much of a problem with the breathing aspect, and I do think the lumbar support of the Leap is better."
"Vernon W.","09/12/23","On Leap","Very happy with my new","Very happy with my new chair"
"Blake C.","09/05/23","On Leap","My back has never felt","My back has never felt so great."
"James J.","08/24/23","On Leap","Was delivered with some damage,","Was delivered with some damage, they promptly sent me a brand new chair with no hassle.  Chair is very comfortable and supportive, so many adjustments to make it fit perfectly"
"Lori W.","08/17/23","On Leap","Don’t Wait! Buy it NOW!!","After purchasing numerous office chairs I finally purchased the Leap. My one question to myself was WHY DID I WAIT SO LONG? The Leap is the best thing I’ve done for myself in a long time. If you’re questioning is it worth it… your body will thank you for ordering it. I got the pretty pink chair and the chair adjustments and cushioning are just wha"
"Verified Reviewer","On","share","",""
"Kasha B.","08/12/23","On Leap","Loving It!","Love this chair. It is comfortable to sit in for long periods of time. The easy adjustments to fit my body throughout the day are nice. And I love the colors"
"Karen D.","08/11/23","On Leap","Perfect","This chair is perfect"
"James B.","08/03/23","On Leap","excellent office chair, although I","excellent office chair, although I did swap out the plastic wheels with a set of ball bearing neoprene wheels I had purchased and removed from my previous office chair to allow me to more easily roll between hardwood and carpeted surfaces in my office"
"Katie Z.","07/21/23","On Leap","Best investment","I have had my chair for ~2 months and the biggest compliment that I can give it (that doesn’t sound like one) is that I don’t even think about my chair. No pain, no discomfort, perfectly adjusted to fit me. I have chronic sciatica and am always uncomfortable sitting for too long in general, I tend to squirm a lot in most chairs. I could almost swe"
"Joe D.","07/19/23","On Leap","Great chair. Keeps me sitting","Great chair. Keeps me sitting upright."
"Adam M.","07/18/23","On Leap","Best Chair You'll Ever Own","I sit for long hours both for work and gaming. Thus, I suffer from many back problems after years of this and other injuries from sports, including ruptured discs I've had surgery on, and this chair has been life-changing for my day-to-day comfort. The customizable options make it easy to get everything just right. The ability to comfortably lean"
"Verified Reviewer","On","share","",""
"Jerry N.","07/16/23","On Leap","Exceptional quality and ergonomics","The chair is a highly adjustable ergonomic chair that provides comfort while sitting. Recommend the head rest for those long telephone conferences, which will lead to active participation instead of fatigue."
"Matthew C.","07/15/23","On Leap","Worst fucking chair ever. Now","Worst fucking chair ever. Now I can't be happy sitting in anything else."
"Oleg S.","07/13/23","On Leap","Pretty Good","It's my first chair so I really don't have anything to compare, but I'll say that I'd definitely recommend purchasing the headrest, it may be expensive, but it's probably worth it."
"Joel L.","07/12/23","On Leap","Very comfortable chair.","Very comfortable chair."
"Sherry Q.","07/06/23","On Leap","Curve in back of chair","Curve in back of chair gives support you didn't know you needed"
"Kathleen C.","06/24/23","On Leap","Great support. Feels comfortable","Great support. Feels comfortable"
"Verified Reviewer","On","share","",""
"JEANNOT L.","06/14/23","On Leap","Excellent!","Excellent!"
"Mario C.","06/11/23","On Leap","Love the Steelcase Leap office chair","I work form home and spend many hours in my desk chair. I'm very happy that I spent the extra money and upgraded to a Steelcase. I've been the person to just buy the lower priced office chair from the big box store and after a few months I was never happy with my purchase. The problem with those chairs as they didn't have any adjustments so they n"
"Laurie S.","06/08/23","On Leap","I am extremely happy with","I am extremely happy with my chair. It’s so comfortable I would recommend it to anybody who is thinking about buying one I bought it for gaming and it’s perfect 10 out of 10!"
"Bianca C.","06/07/23","On Leap","Customer for life!","This is my third Steelcase Leap purchase and it remains the most comfortable chair I spend 8+ hours a day in. This time I messed up my order and the Steelcase customer service team, even though this was no fault of theirs, worked hard to make it right. Excellent customer service for an excellent product."
"Melinda D.","05/30/23","On Leap","The Best Chair!","The Best Chair!"
"Christopher C.","05/25/23","On Leap","Excellent Chair","Currently the best office chair I've owned. Extremely high quality and unmatched comfort/ergo."
"Verified Reviewer","On","share","",""
"Wesley O.","05/23/23","On Leap","When Mom is Happy...","Fit my mother, that was upset with every other offering on the market. Fortunately, they have a discount code available from their sales reps in stores, whom will direct you to purchase from their website instead.  After testing, I will certainly be looking at options for myself when they have another sale. I can hold on until then."
"Jacob L.","05/02/23","On Leap","No more lower back pain","I sit in front of a computer 8 hours a day. I used to have some bothersome back pain. It’s not an issue anymore with this chair. Good stuff."
"Nichole A.","05/01/23","On Leap","Love this chair. Comfortable and","Love this chair. Comfortable and fully adjustable."
"Michael K.","04/29/23","On Leap","lithium grease: buy it, use","lithium grease: buy it, use it. chair is smooth and solid."
"Katherine B.","04/24/23","On Leap","After hurting my back, I","After hurting my back, I researched chairs and the Leap stood out and I have not been disappointed. It is so adaptable and comfortable plus so attractive. Thrilled to have the chair and its amazing erg"
"Eda T.","04/23/23","On Leap","Good looking supportive desk chair","We love our new Steelcase desk chair. We were able to customize it with the color leather and to make it without arms. It was so simple to assemble- just one step! It is so comfortable and allows us to work for lengthy periods at the desk."
"Verified Reviewer","On","share","",""
"Jennifer S.","10/25/23","On Leap","Leap Chair is Excellent!","It is supportive and comfortable while being adjustable. Looks professional, really happy with it"
"theresa s.","10/24/23","On Leap","I spend long hours in","I spend long hours in front of my computer for work. I finally decided to invest in a leap chair after watching multiple reviews. I was hesitant to make such a large purchase sight unseen, as i’m very selective when it comes to office chairs. I’ve had it now for 30 days and i couldn’t be happier. My back no longer bothers me, and i can sit comfort"
"Dima P.","10/20/23","On Leap","Good chair.","It’s a good ergonomic chair. If you can afford it, your back will thank you"
"Warren H.","10/18/23","On Leap","The adjustments for lower back","The adjustments for lower back support are great."
"Kaitlyn C.","10/18/23","On Leap","is chair, is green, is nice","Who reads these? If you are on this website you have decided"
"Andrea L.","10/17/23","On Leap","Proportions for a short woman","Proportions for a short woman are as promised--better than anything I've ever found. Color amazing. Adjustability very very good, except for the arms, which don't extend far enough and don't lock into various positions, but move/slip. i wish the back would recline farther, and the seat height would raise higher. The seat is plush, but who wouldn't"
"Verified Reviewer","On","share","",""
"Mahely S.","10/10/23","On Leap","Game changer","Really one of the nicest overall chair! After a LOT of research I went for the Leap V2.   Worth the investment since I'm working from home full time. One month in and it's already been a game changer coming from a gaming chair. I can now keep my focus for longer periods of time, and experience way less soring at the end of the day. Very co"
"Russ M.","10/04/23","On Leap","Excellent Quality","The Leap's reputation as one of the finest office chairs on the market is not overstated. This is a wonderful chair in every respect with a build quality that is second to none. Possibly the best feature of this chair is the lumbar support and the ability to adjust virtually every component of the seating experience."
"Charles G.","10/04/23","On Leap","x","x"
"william P.","09/30/23","On Leap","Best chair ever!","Hands down the most comfortable long term chair on the market. Fully adjustable and built to last. What influenced my decision was I use one all day at my office. So i got one for home and I LOVE it. You might be tempted to get a Gaming chair but don’t get one of these instead. They are super comfortable & they last forever!"
"Brian W.","09/27/23","On Leap","Another 15 years.","This is my second Steelcase chair. My first chair was working great even after 15 years still but the cushion was smashed down from 8+ hrs a day sitting. It was time for a new seat. I’m excited to get another 15 years out of a well-made chair. The settings on the chair help with my lower back issues. I also got the hard wood safe rollers to get a"
"Rick V.","09/23/23","On Leap","Great investment","Great investment"
"Verified Reviewer","On","share","",""
"Verified Reviewer","On","share","",""
"Gerald K.","04/22/23","On Leap","This is our third steelcase.","This is our third steelcase."
"Gavin M.","04/22/23","On Leap","Love this chair","All the comfort I could ask for with a high dregree of adjustability. Love the leather upholstry, head rest could be better, but it's lack of adjustment options aren't a deal breaker. This will be my daily driver for a long time!"
"Phyllis J.","04/17/23","On Leap","best office chair in 40","best office chair in 40 years."
"Siavosh S.","04/12/23","On Leap","all good","all good"
"Marc L.","04/06/23","On Leap","a1","a1"
"Charles T.","04/05/23","On Leap","super comfortable, adjustable in all","super comfortable, adjustable in all directions, very stylish."
"Verified Reviewer","On","share","",""
"Rusty R.","03/29/23","On Leap","Durable and Comfortable","If you're tired of buying office chairs every couple of years because they break, consider one of these. All the ones at my work have endured a substantial amount of abuse for the last 7 or 8 years and if there even is any wear and tear, it's not noticeable. They're highly adjustable, and comfortable enough to sit in all day."
"Jay L.","03/28/23","On Leap","I suffered from severe back","I suffered from severe back pain sitting at a desk for long hours. After a great deal of research on highly rated ergonomic chairs, I settle on the Steelcase Leap. Back pain was greatly reduced in a very short period of time. After a month my pain is virtually gone. Love this chair and would highly recommend."
"Richard W.","03/28/23","On Leap","My wife is 5""1"" and","My wife is 5""1"" and this is by far the most comfortable chair she has ever sat in at her desk. I'm not much over that at 5""5'' and i agree . This is the best and the quality of material and mechanical integrity is superb. I have spent a fortune on the less expensive chairs and had I put the money in this quality chair years ago I would have saved"
"Ashish B.","03/10/23","On Leap","Great chair but expensive","Great chair but expensive"
"Liza T.","03/08/23","On Leap","Excellent and well worth it","Amazing chair, very comfortable and supportive, I only wish I would have gotten it sooner!"
"Christopher K.","03/08/23","On Leap","Excellent chair, very comfortable. Worth","Excellent chair, very comfortable. Worth the money!"
"Verified Reviewer","On","share","",""
"Janet B.","03/01/23","On Leap","Love this chair! I have","Love this chair! I have the same one at home and in the office. Multiple adjustments, good back support. Worth the investment."
"brian m.","03/01/23","On Leap","happy i went with better constructed chair","comfortable with just the right amount of adjustments to make through long days (9-10 hours) of sitting at the desk. seat is slightly wobbly, so will be keeping an eye on that. otherwise, completely satisfied up to this point."
"David V.","02/28/23","On Leap","Lumbar support","The lumbar support is a definite improvement over my past office chair."
"Jarron T.","02/21/23","On Leap","Great chair to sit in","Great chair to sit in whenever I'm working from home. I've sat in this chair on and off for 10+ hours and it still provides great support."
"Anthony D.","02/08/23","On Leap","Great investment!","Great chair. Having all the customization options really does make a difference in personalized comfort. After making the adjustments to my body, I was mind blown how it felt to sit down in it. It really feels like ""my"" chair.  I'm glad I spent the extra money and hope to use this chair for a decade."
"Janelle S.","02/08/23","On Leap","I love my new Steelcase","I love my new Steelcase Leap chair so much!  It’s incredibly comfortable and you can adjust just about everything!"
"Verified Reviewer","On","share","",""
"Sai P.","02/03/23","On Leap","It is a delightful chair","It is a delightful chair"
"Alan C.","02/03/23","On Leap","Love this chair. Excellent quality and customizability.","Love the chair!! it took a while to fiddle with all the adjustments to customize it just the way I like it. The build quality is solid. I love how it comes pretty much all assembled. My only niggle is that the arm rests move too easily because when I get up and push off my arm rests. they move (not up and down but front/back/left/right). So I have"
"Alyssa P.","01/30/23","On Leap","Love it!","Had back issues, working 10+ hours a day and not much stand up or walk around time in between and this helped so much. It’s the Rolls Royce of desk chairs, price wise, but I felt it was totally worth it. No more spasms. My massage therapist said my back and shoulders improved a lot after just a month of using it."
"Shamit D.","01/30/23","On Leap","Nice chair","Nice chair"
"Vincent F.","01/29/23","On Leap","Exceptionally stylist and functional","The chair was a Christmas gift to my daughter. She loves it in her home office. She is beginning to arrange her office with the chair as the center piece. Great product and better than any item I could purchase locally. Lastly, the chair was delivered securely and as promised. Thanks"
"Chaum S.","01/28/23","On Leap","Amazing chair","Both my wife and I agree this thing is a new level of comfort in sitting at the computer desk. If I had any idea what I was missing before I would have had one of these a long time ago. I would not hesitate for a moment in purchasing another one if needed."
"Verified Reviewer","On","share","",""
"John M.","01/27/23","On Leap","Great chair","Solid build. Very happy with the comfort."
"Stella N.","01/27/23","On Leap","It's very comfortable.","It's very comfortable."
"Phyllis D.","01/25/23","On Leap","Comfort chair","This is my second Leap chair. I bought one 3 years ago for my home office and now have another one in my country house where I do a lot of work. I tried an inexpensive Staples chair and it killed my back and hips. So I sprung for another Leap chair and I'm happy I did. It makes sitting at my computer so much more comfortable."
"Mark R.","01/20/23","On Leap","Smart Engineering and Great Comfort","I spent many months researching office chairs and, by far, the Steelcase Leap was my first choice. When I received it, what was most notable was how comfortable it is. A lot of smart engineering went into this chair. It is not a cheap chair, but, ""You get what you pay for."" Unfortunately for me, I have two desks at differing heights, one requiring"
"Taps M.","01/16/23","On Leap","Perfect.","Perfect."
"Alicia B.","01/16/23","On Leap","Great Chair","The chair is perfect. I have used the chair in other industries and find it hugs the body perfectly, giving great back support where I can sit for hours."
"Verified Reviewer","On","share","",""
"Rob K.","01/16/23","On Leap","Great chair!","Great chair!"
"Don L.","01/13/23","On Leap","Leap Chair Review","Working in a home office environment, hours at the desk can be many. This chair provide great stability, comfort and flexibility. Being able to adjust your position with ease also allows for different sitting patterns. 100% recommend this chair for any desk setting."
"Henry T.","01/13/23","On Leap","Great ergonomic chair","Being a lifelong ""cheap"" chair buyer, this was somewhat of a huge departure spending over $500 for a chair. After watching many many reviews, I decided to go with the Steelcase Leap. There weren't many places to try one but I heard about Steelcase's great return policy and they had some sales around Black Friday so I decided to take a chance. I'm"
"Marlin P.","01/12/23","On Leap","Great Chair","Great Chair"
"John O.","01/12/23","On Leap","Excellent product","Excellent product"
"Daniel P.","01/10/23","On Leap","Expensive, but comfortable and durable","Expensive, but comfortable and durable"
"Verified Reviewer","On","share","",""
"Linda V.","01/09/23","On Leap","5 stars","5 stars"
"Calvin T.","01/07/23","On Leap","Pricey, but you get what you pay for","This has been a nice upgrade to my home office and wish I had taken the plunge earlier. The highlight is the adjustability - I can tweak settings, particularly lumbar support as needed throughout the day. Love the adjustable reclining position. This is a well-built chair that I hope and believe will last me years."
"Jonathan L.","01/07/23","On Leap","Great chair. Replaced a Steelcase","Great chair. Replaced a Steelcase Leap that lasted more than a decade."
"Dzmitry B.","01/07/23","On Leap","Comfortable, supportive, customizable","Comfortable, supportive, customizable"
"Lucinda V.","01/05/23","On Leap","Great range of adjustments","Solidly built with excellent adjustment options. Totally satisfied with this chair."
"Madeline P.","01/05/23","On Leap","Awesome chair","Very comfortable, high quality, and speedy delivery. Would highly recommend for this price point and quality!"
"Verified Reviewer","On","share","",""
"Jennifer C.","01/04/23","On Leap","Purchased Leap Chair","My chair came pre built and I love it!"
"Rick H.","01/02/23","On Leap","My second Leap chair","Could not be happier.  After 20 years with my first Leap chair, I decided to get a new chair for Christmas. The new chair met all my expectations. I love this chair and would not have any other office chair."
"Catherine P.","01/01/23","On Leap","Leap V2 with headrest","Comfortable, ergonomic chair. The headrest is absolutely worth it if it's within your budget."
"Ramsey K.","01/01/23","On Leap","Love the chair. Looks great","Love the chair. Looks great with tons of adjustment options. Just wish the cushion www slightly softer."
"Richard F.","01/01/23","On Leap","Steelcase Chair","I recently purchased a Steelcase chair. The whole process went great, including selection of the chair and delivery. Chair was delivered on time shortly after purchase and came in excellent condition. Would highly recommend."
"Henry L.","01/01/23","On Leap","3rd Leap Chair","This is our 3rd Leap chair over 25 years. One was leather, another was fabric. The leather on the old chair became stiff and less supple over time. This new chair is much more supple and the cushion is better. I would have like to be able to replace the leather and cushion in the old Leap chair. The chair is great for back support."
"Verified Reviewer","On","share","",""
"Adam S.","01/01/23","On Leap","fast shipping, great product —","fast shipping, great product — very satisfied!"
"Bryan M.","12/30/22","On Leap","Chair is great, really enjoy","Chair is great, really enjoy how comfortable"
"Vishwas N.","12/30/22","On Leap","Leap 2","Great chair. However too expensive"
"RAMAMOORTHY L.","12/30/22","On Leap","Simply Amazing..!","LEAP is a leap forward in all of office chairs..! Period..! Thanks."
"Chris G.","12/30/22","On Leap","best chair","Thank you for producing such a lovely chair! It is the best chair I have encountered."
"Liz R.","12/16/22","On Leap","Love it!","I was nervous about spending so much on a chair sight unseen but this product did not disappoint. Its very comfortable and forces me to sit in a better position during my day."
"Verified Reviewer","On","share","",""
"Timothy F.","12/08/22","On Leap","Amazing chair!","Great support for my back. Very comfortable chair, I would recommend to everyone!"
"Douglas W.","12/07/22","On Leap","Five Stars","Great chair! Best chair I've ever had. It relieved all my back problems."
"Hoang L.","12/01/22","On Leap","Best chair, best customer service","This chair is super comfortable. My back doesnt hurt anymore. I had an issue with my order, but representative took care of it real fast."
"Pauline B.","12/01/22","On Leap","ergonomic chair","I love this new chair, amazing!!"
"Brian C.","11/30/22","On Leap","Fixed my sciatica problem - this chair is incredible!","I suffered from a terrible sciatica problem. I was sleep deprived and in so much pain. For months, I tried physical therapy, chiropractors, massage, and acupuncture and nothing helped. Finally, although none of the therapists talked to me about ergonomics, I decided to try replacing my office chair; I was desperate. I researched exhaustively and f"
"Yusuf J.","11/30/22","On Leap","Leap review!","Comfortable and adjusts well to my movements. Very smooth and the leather is awesome. There is some noise while leaning back but overall a great product."
"Verified Reviewer","On","share","",""
"Kathy P.","11/23/22","On Leap","My chair is comfortable","My chair is comfortable"
"Dolores B.","11/23/22","On Leap","Great chair!","I have tried multiple desk chairs and this one was a winner! Worth every penny!"
"Blake C.","11/23/22","On Leap","Leap v2","Amazing chair, you get what you pay for"
"Amy C.","11/16/22","On Leap","Superb Quality Plus Style","The quality of the chair goes without saying. And being only 5’1” it was very hard to find a chair that fit me well. Add being able to choose your fabric and that brought it over the top. LOVE my chair!"
"Alexandra T.","11/15/22","On Leap","The chair is comfortable and","The chair is comfortable and very adjustable."
"Humy A.","11/09/22","On Leap","All good","All good"
"Verified Reviewer","On","share","",""
"Erika B.","11/09/22","On Leap","Great chair","Comfy and adjustable"
"Sergio K.","11/09/22","On Leap","Good chair","Expensive but good."
"Leigh P.","11/09/22","On Leap","Comfortable chair","I have been using the Leap for about 2.5 months now and am very happy about my purchase. The chair is comfortable and simple. I feel good sitting for extended periods of time when I work from home. I have had sciatic pain in the past, and I’m not sure if there is a connection, but I haven’t had any since using the Leap (knock on wood!). I would re"
"chichiang w.","11/09/22","On Leap","Very good!","Very good!"
"Peter N.","11/09/22","On Leap","Best chair ever!!","My wife and I have had a ton of chairs over the last 10 years. This was by far the best chair we have ever bought. We have had them for over 2 months and zero complaints. Very customizable. I'm over 6 foot and my wife is barely over 5 and the chair works for both of us."
"John P.","11/07/22","On Leap","Great chair","I've tried many ergonomic chairs, including the Herman Miller Mirra 2 and the Humanscale Freedom chair. The Steelcase Leap chair is more comfortable in my opinion. It's everything an office or work-from-home chair should be."
"Verified Reviewer","On","share","",""
"Wiktor I.","11/07/22","On Leap","Great product and great customer service","The chair is great to sit in for long periods of time, and it's comfortable to recline and lay in. The chair I was sent originally had noisy armrests, but after contacting customer service I was able to get an entirely new chair exchanged without any cost to me."
"Joonho R.","11/05/22","On Leap","COMFORT","This chair has very detailed configuration which suits my body conditions and posture. highly recommendable product."
"Heather W.","11/03/22","On Leap","I love this chair. It","I love this chair. It is comfortable and adjustable for different sitting needs."
"Natasha T.","11/03/22","On Leap","It's been a great help","It's been a great help for my back and hip issues."
"Monica N.","11/03/22","On Leap","Pharmacist","My back discomfort has greatly improved"
"Albert Y.","11/03/22","On Leap","Best Chair I've Owned","This is not my first Leap chair, I previously used a Leap v1 and I do not regret getting a Leap chair for my home as well.  It fits and adjusts to my seating position very well and doesn't force you to sit a certain way. I use it while working and while gaming and it is comfortable even after hours of sitting.  The build quality an"
"Verified Reviewer","On","share","",""
"Rob C.","11/03/22","On Leap","Worth the Investment","I work from home and have struggled with finding a comfortable office chair for a long time. My process was pretty simple... find an inexpensive chair, add a cushion, hope for the best.  The price tag of a Steelcase chair just kept scaring me off, so I'd spend $200 on a cheap chair, another $100 on accessories to make that chair slightly m"
"Dr S.","11/02/22","On Leap","I love my chair!","this is the second leap that I purchased. I have one at my desk that I am sitting in now, but I didn't have one in my downstairs office. Since I am working remotely since the pandemic, I decided to invest in a better chair. wish that I hadn't waited. Thank you for such a great product."
"Eden B.","11/02/22","On Leap","Lasts forever","I still have my Steelcase chair from 8 yrs ago and it's still looks/works like new. Had to get one for hubby and he loves it."
"Steven E.","11/02/22","On Leap","New Leap Chair","I have used Steelcase Leap Chairs for many years. This new one is excellent as usual.It is comfortable, and extremely adjustable to vary position for use for hours."
"Mehran A.","11/02/22","On Leap","Nice chair and great customer","Nice chair and great customer service. Highly recommended."
"Mary B.","11/02/22","On Leap","works well","works well"
"Verified Reviewer","On","share","",""
"Silvia G.","11/02/22","On Leap","This is my fourth Leap chair","I had the original Leap chair working in an office many years ago. When I moved to a new job, I persuaded the leadership to invest in these chairs and even got one with a headrest. I then moved into a home office and bought one (used without a headrest) and after a couple years sitting in the ""headrestless"" chair all day, I decided to upgrade to o"
"William B.","11/02/22","On Leap","Leap","If I gotta sit, this is the BEST place to do it."
"Griffin S.","11/02/22","On Leap","good","good"
"Edgar G.","11/02/22","On Leap","Game Changer","I spend an awful lot of time sit, weter I am gaming or working from home, this chair has all I need to keep at peace on my daily activities, the lumbar back is amazing. I change positions frequently and the handles are comfortable to use and accessible."
"Bruce C.","11/02/22","On Leap","great chair","great chair"
"Sandra W.","11/01/22","On Leap","Love this chair.","Love this chair."
"Verified Reviewer","On","share","",""
"L W.","11/01/22","On Leap","Great Chair - Learning how to advantage of all the functionality.","At first I was not in love but now I am! This chair is super comfortable and makes working all day in front of a computer a dream. My back no longer hurts when I stand up from working. It is challenging to get the chair ergonomically set up - I wish the Steelcase website had better, more complete videos on how to adjust the chair to make it right."
"Cyrus J.","11/01/22","On Leap","Best Chair Investment I've Ever Made","I am 74 years old. My Steelcase Leap has worked wonders in eliminating the various discomforts and aches caused by too much time spent sitting in inferior office chairs. The Leap was well-worth the investment."
"James T.","11/01/22","On Leap","Wonderfully made ergonomic product.","Wonderfully made ergonomic product."
"Connor Q.","11/01/22","On Leap","Good Back support","Hugs my back"
"Les C.","11/01/22","On Leap","Great","Just what we ordered"
"Therron A.","10/29/22","On Leap","Very Pleased!","Excellent chair, especially for providing upper-back support."
"Verified Reviewer","On","share","",""
"Elizabeth H.","10/28/22","On Leap","Best desk chair ever","This chair has allowed all my various back issues to settle down. It is so great to no longer be in pain after sitting!  I love how adjustable it is, and that I have been able to set the recline tension just right so that I can lean back while upright, but with just a little more effort, go into recline.  I did not get the head rest and do"
"Lukas B.","10/27/22","On Leap","Great chair","Very comfortable, sturdy and highly adjustable. Would recommend the Leap."
"Gary S.","10/26/22","On Leap","Great chair","Very well built, comfortable chair. The 4D armrests let me adjust position as needed for different tasks throughout the day. The other adjustments let me get the chair ""just right"" for maximum comfort. The only problem is I have to remember to stand up from time-to-time; it's so comfy!  Looks great too! Like the Captain's chair on a Starsh"
"Craig L.","10/26/22","On Leap","Great chair!","Great chair!"
"John B.","10/25/22","On Leap","Best Investment","My Leap chair is incredible. I cannot believe I did not make this investment years ago. Worth every penny."
"Natalie G.","10/25/22","On Leap","Best Chair!","I've had this chair for 8yrs at the office and just bought another one for home. Expensive but worth it. I have a hip issue but it does not hurt when I sit in this chair...even for long periods."
"Verified Reviewer","On","share","",""
"Standifer D.","10/25/22","On Leap","Great chair","Great chair"
"David H.","10/25/22","On Leap","More than comfortable","The chair is a perfect fit for me and ensures that I sit erect. It's almost as if the chair was designed just for me."
"Shalin P.","10/25/22","On Leap","Great office chair and the peacock color is pretty.","We wanted a higher quality office chair, since we both sometimes work from home. We researched many sites, and a lot of people said this Steelcase Leap chair is the best option. We purchased it in the Peacock color.  We have been using the chair for many months now, and have been happy with it. There are a ton of adjustments, which we like"
"Ian H.","10/25/22","On Leap","Just what I needed. Second","Just what I needed. Second purchase of a great chair."
"Hector G.","10/25/22","On Leap","Amazing purchase!","Very happy with my new Leap chair. Immediately felt a difference on my back :)"
"Andrew J.","10/25/22","On Leap","Solid Investment","I've worked in customer service on the phones for 10 years now, and with the transition to work from home post pandemic, found myself in the market for home office supplies. Bad backs are pretty characteristic of vets in my industry and I was no exception.  This chair is by far the best purchase I've made in the entirety of my career. It's"
"Verified Reviewer","On","share","",""
"Keith S.","10/25/22","On Leap","Expensive but worth it","Love the chair since my company purchased them (Then sold them 3 years later for a cheaper imitation) Finally shelled out for my own since we are work for home now and 100 dollar terrible gaming chairs were not cutting it on my middle aged back. It may be expensive but my back has never been happier"
"Edward S.","10/25/22","On Leap","Take the Leap","I ordered the Steelcase leap to use as my home office chair, replacing and solid wood chair (i.e. no padding). I started a new job that had work from home part time, and after may hours working in my original wooden office chair and suffering for it, I knew I needed a different chair. I started my search and many reviews placed the Steelcase Leap"
"Jessica M.","11/03/23","On Leap","Great chair","Love my chair! I had significant pain from sitting in a sub-par chair for years- my back, arms, shoulders, the backs of my legs all ached from that chair. Now, I feel so much better! Worth every penny!"
"Shallen M.","10/11/23","On Leap","Best chair I've ever sat","Best chair I've ever sat on for long periods of time. The Leap chair is the one I use at the office. I needed to have the same at home."
"Chris B.","07/13/23","On Leap","Excellent chair. Comfortable and made","Excellent chair. Comfortable and made extremely well. Looking forward to having it for a couple of decades."
"Maxim G.","06/23/23","On Leap","all good , is it","all good , is it possible to get a full copy of the invoice by email or mail ."
"Verified Reviewer","On","share","",""
"Christine A.","06/12/23","On Leap","Since receiving my new chair,","Since receiving my new chair, my neck pain has decreased significantly. I love the lumbar support as well. It was worth the cost to help me feel better."
"Adam P.","05/03/23","On Leap","good chair","good chair"
"Roxanne G.","04/20/23","On Leap","Short person review","I picked this chair because I read it was a good choice for short people. I am five feet tall. Maybe I will buy a foot rest, but seat depth, arm height and arm width are great. I am happy with my purchase."
"Julie H.","04/18/23","On Leap","Love it","Love it"
"Andrew K.","04/11/23","On Leap","Satisified customer","Comfortable chair. Seems durable. Ordering and shipping process was flawless. I would recommend the chair and the ordering process."
"Jonathan L.","04/05/23","On Leap","I thought all the adjustments","I thought all the adjustments were useful."
"Verified Reviewer","On","share","",""
"James B.","03/25/23","On Leap","Fantastic!","Huge upgrade compared to the standard, basic office chairs you can get from a big box store. Extremely comfortable to sit in for home office work, gaming, or just kicking back. I appreciate that there are so many adjustable items to get it just right. Definitely a bit of an upfront investment compared to just getting those big box store chairs, bu"
"Maria F.","03/15/23","On Leap","I have the chair in","I have the chair in my office, it is so comfortable that I had to get one for my home- got rid of my back problem. I love it."
"Ludmila J.","03/10/23","On Leap","My husband is a retired","My husband is a retired senior and needed an everyday chair that was both comfortable and supportive of his back. The adjustment features of the Leap chair meet his needs well. He sits on this chair when eating and reading, and even rolls it into our living room to watch TV. It's an office chair, but for him it's a lifesaver that relieves him of h"
"Galen N.","03/08/23","On Leap","This chair relieved most of","This chair relieved most of my sciatic nerve pain in a week or so - didn’t think that would be possible but as pricy as this chair is its worth its weight in gold if that is what you are experiencing - couldn’t recommend it more for that reason alone."
"Baofu Z.","03/03/23","On Leap","Comfort","Comfort"
"Elio K.","02/16/23","On Leap","After using/owning a few high end office chairs and many lower end office chairs, I have finally decided to go with the steel case leap v2.","This is one of the best chairs on the market overall, and probably the best chair on the market specifically in regards to lumbar and back support and adjustability."
"Verified Reviewer","On","share","",""
"Meggy G.","01/29/23","On Leap","Très bonne chaise de bureau,","Très bonne chaise de bureau, offre un support très efficace pour les longues journées de travail."
"Ikenna O.","01/23/23","On Leap","great chair","Great chair. I wish the could make it about 2 inch higher for maximum height for some of us who are 6ft4in tall"
"Max F.","01/13/23","On Leap","Leap Review","Chair is great and delivery was very quick! Thank you."
"Mike P.","01/10/23","On Leap","Love my new Leap.","I love my new Leap chair. My wife has a Gesture, and we both love them. We both work at home, so investing in a good chair is totally worth it for us. I highly recommend Steelcase.   Although I read and watched some reviews from people who don't like the headrest, I did get it and like it quite a bit. I'm just a shade under 6'1"", so perhap"
"Mihail T.","01/09/23","On Leap","good working chair","good working chair"
"Thanasi E.","01/09/23","On Leap","Amazing!","Very comfortable, well built chair!"
"Verified Reviewer","On","share","",""
"Samuel K.","01/08/23","On Leap","Really comfortable 😆","Really comfortable 😆"
"James E.","01/08/23","On Leap","Great chair","Sat on one for 7 years at my old job, finally upgraded my home office now that I work mostly remote. Super comfortable. Well built."
"Matt S.","01/07/23","On Leap","Great chair, even better warranty service","Had an issue with the chair reclining, contacted support and they immediately sent out a replacement and a label to attach to the original box or the replacement box once it arrived so I could ship the original chair back if I didn’t have the original box. After getting the original chair into the box, I scheduled it for pickup through FedEx the n"
"Kelvin C.","01/07/23","On Leap","Great chair especially if you","Great chair especially if you sometimes sit cross legged on you chair for whatever reason. The backrest feels more like a mix between foam and full mesh backrests, and is surprisingly comfortable. The lumbar support is super customizable and feels good in combination with the back rest. The bottom foam pad is firmer than most foam pads in office c"
"Daniel G.","01/06/23","On Leap","Great!","Totally satisfied!!"
"James B.","01/02/23","On Leap","Great Chair","Great office chair. Had these at a major company for which I worked for many years. Was very comfortable for longer term sitting. Decided to replace inexpensive chairs from big box stores with these and am happy with the decision."
"Verified Reviewer","On","share","",""
"Jim S.","01/02/23","On Leap","My Steelcase Leap Desk Chair","I am a consultant who spends many hours at a desk. I recently purchased a Steelcase Leap desk chair. I am extremely pleased with the ergonomic adjustments that this chair has given me. I cannot begin to describe the comfort and ergonomic support that this chair provides. I would recommend this chair to anyone who want/needs an ergonomically adjust"
"Victor C.","01/02/23","On Leap","Great Chair","This chair is awesome, you can set everything, I spend 8 hour sitting and I feel the difference."
"Tristan E.","01/01/23","On Leap","True comfort","It is amazing to sit in a chair doing work all day and your body not be totally exhausted"
"Paul K.","11/09/22","On Leap","No reason to sit elsewhere","I have been sitting on the Leap for the past 15 years and when it was finally time to replace it, I bought another one."
"David M.","11/04/22","On Leap","Happy with it so far.","Happy with it so far."
"Laith S.","11/03/22","On Leap","15 hour days 7 days a week chair that does not disappoint","I went through four chairs and returned all four. They were all between $200 and $500. I sit 6 hours straight. I work 15 hour days 7 days a week. I need a chair that works. A chair that is comfortable. A chair that supports my upper and lower back. A chair that feels like I’m floating while sitting for long periods of time. I’m 5’ 9” and 175 lbs."
"Verified Reviewer","On","share","",""
"Andrew B.","11/01/22","On Leap","Excellent chair","I purchased a preconstructured Leap for working from home, and it's been easily the best home office chair I've used. Great back support for long hours of coding."
"Kevin L.","11/01/22","On Leap","Best Chair","Supports back and very comfortable to sit in. Best chair ever. Only regret is why I didn’t buy this sooner!"
"Kalpana D.","10/25/22","On Leap","Office chair","Very Satisfied with the chair"
"Ying H.","10/25/22","On Leap","Amazing","Amazing"
"Bernard H.","11/29/23","On Leap","Great fit. Has all of","Great fit. Has all of the adjustments. Great chair."
"Jerri H.","11/21/23","On Leap","Good lumbar support, really like","Good lumbar support, really like that you are able to adjust the seat depth and all the adjustments make it a great chair for the team!"
"Verified Reviewer","On","share","",""
"Kaize D.","11/10/23","On Leap","Overall is great, but it","Overall is great, but it has noises when recline"
"Derek T.","11/03/23","On Leap","great chair would buy again,","great chair would buy again, only complaint it creaks more than I would have thought"
"Todd R.","11/02/23","On Leap","Good, but too Expensive","One of the best chairs I have had. I would give it 5 stars if the price were much less."
"Megan R.","11/01/23","On Leap","Not for me","I chose this chair based on my sisters recommendation. I really liked the lumbar support. However as a female with a larger bottom half, the seat was not comfortable and had portions digging in to my side. My husband is using the chair and doing well with it."
"Robert P.","10/16/23","On Leap","Good chair, but should not have a defect at this price point.","After returning the first chair because it arrived with defects, the second chair also has an issue where the right & left armrests don't line up properly. For such an expensive chair I expect better quality. Otherwise, I do like the chair."
"William W.","08/28/23","On Leap","I like the chair, I","I like the chair, I weigh 150 and it is comfortable. I do wonder if the padding is thick enough even at my weight. I notice there is a model for heavier people and maybe that has the padding thickness I was expecting. As long as the padding foam doesn't degrade it should be okay. One other thing is when the back of the chair reclines there is a li"
"Verified Reviewer","On","share","",""
"Caleigh H.","08/26/23","On Leap","Almost a great chair ...","The chair is comfortable and supportive and I love all of the adjustments -- except the seat height adjustment, which has never worked on my chair."
"Leland G.","08/25/23","On Leap","The chair arrived with two","The chair arrived with two abrasions on the leather seat. The color of the leather was also a little lighter than what is advertised on your website. Structurally the chair is very nice."
"Sandra D.","08/22/23","On Leap","Arms do not stay in","Arms do not stay in place. Frustrating."
"Eric K.","08/21/23","On Leap","A decently comfortable chair. I","A decently comfortable chair.  I am tall, 6'4"", and need a fairly vertical seating position for back support, which this chair does a decent job of. The lumbar support and other adjustments allow for a lot of customization. A few issues I have: -The seat cushion is a little on the thin side as I can feel the pan when I sit down (I'm 19"
"Daniel A.","07/25/23","On Leap","Chair arm connections are awkward and jam into your sides.","Would have liked that the arms didn't have a large bulb near the seat that jabs into my sides, other than that, the chair is pretty solid and comfortable."
"Henrietta S.","07/21/23","On Leap","Many parts, but comfortable.","Fortunately\, I had the Steelcase Leap chair assembled. I would have been very confusing to assemble myself or have someone else do it. There are many parts and many parts used to place the chair in a comfortable position. I suggest a video to show how to use each function of the chair. Once it's in a comfortable position, it's great!"
"Verified Reviewer","On","share","",""
"Daniel T.","07/19/23","On Leap","Great chair, not so great headrest","Nice firm chair with lots of adjustability. The optional headrest however does not extend high enough for me and is not removable. If you are taller or have a long torso, skip the headrest."
"Cameron W.","06/06/23","On Leap","Better than other chairs","The chair is nicer than other chairs I have had in the past, but I think it could still be more comfortable."
"Saemin C.","05/29/23","On Leap","I love the looks and","I love the looks and even the head rest is ok, however the seat material is too thin. I can not sit more than an hour at a time. Fix that issue (thicker foam?) and I think it 'll be perfect"
"Ryan B.","05/13/23","On Leap","Nice but too expensive","I love all the adjustments you can make. I find the seat cushion to be a bit thin and gets uncomfortable after a few hours.  The seat bends quite a bit in the front creating a bit of a slope making me want to slide forward"
"Drushan M.","04/19/23","On Leap","Comfortable and intuitive office chair","Very good and would recommend especially if you have back problems"
"Meghann M.","04/06/23","On Leap","Worth Every Penny","I love this chair! Worth the investment. The overall adjustability is perfect but my favorite features are the seat pan depth, the adjustable lumbar support and the arms."