"y-label","y-label 3","y-label 4","facebook","twitter","LinkedIn","content-title","content-review"
"Verified Reviewer","On","share","facebook","twitter","LinkedIn","",""
"Robert J.","11/15/23","On Steelcase Series 1","facebook","twitter","LinkedIn","Purchased for my wife and","Purchased for my wife and she loves the fit, comfort and style/color"
"Gail G.","11/09/23","On Steelcase Series 1","facebook","twitter","LinkedIn","Best chair ever. I choked","Best chair ever. I choked at the price but worth every penny"
"Susan D.","11/08/23","On Steelcase Series 1","facebook","twitter","LinkedIn","The chair is comfortable and","The chair is comfortable and I already notice improvement in my lower back. I work from home and am in this chair all day. The upgrade has been worth it so far."
"David G.","11/04/23","On Steelcase Series 1","facebook","twitter","LinkedIn","So far, this Steelcase Series","So far, this Steelcase Series 1 chair has proven very comfortable for sitting long hours at work, and very sturdy despite my being so obese, and it cost a much better price than comparable chairs available from other companies. It's also attractive, it came with a much broader selection of customized color options than its competitors, and it has"
"Zani D.","11/01/23","On Steelcase Series 1","facebook","twitter","LinkedIn","Very comfortable","Very comfortable"
"Thomas G.","10/27/23","On Steelcase Series 1","facebook","twitter","LinkedIn","Everything you need without the","Everything you need without the frills. Hardwood floor casters are silky. Salmon color cushion looks smart. The armrests and overall build aren't as robust as $1K+ chairs, but we knew that going into this, didn't we folks? We're here for the great value."
"Verified Reviewer","On","share","facebook","twitter","LinkedIn","",""
"Lucia M.","09/21/23","On Steelcase Series 1","facebook","twitter","LinkedIn","Best office Chair","Steelcase chair is an excellent choice! Top notch quality chair, comfortable, great design and also looks superb. Best purchase!"
"John C.","09/20/23","On Steelcase Series 1","facebook","twitter","LinkedIn",".","."
"Leonard S.","09/15/23","On Steelcase Series 1","facebook","twitter","LinkedIn","Steelcase Series 1","The chair has clean lines and looks great! The cushion could be slightly more plush, but it still feels good. The armrests should be able to lock so they don't always twist from side to side when you don't want them to. The black rest is excellent and supports my lumbar region. I can sit in this chair for hours at my computer table and work and st"
"Parag L.","09/07/23","On Steelcase Series 1","facebook","twitter","LinkedIn","Great chair. Very very easy","Great chair. Very very easy to assemble and dismantle. Also overall it is a comfortable chair with good adjustment features.."
"Megan K.","08/31/23","On Steelcase Series 1","facebook","twitter","LinkedIn","The chair was easy to","The chair was easy to assemble. It is comfortable and easy to adjust. It also fits a 5’5 individual and a 6’0 individual."
"shawn T.","08/27/23","On Steelcase Series 1","facebook","twitter","LinkedIn","Comfortable not too big Light","Comfortable  not too big  Light weight"
"Verified Reviewer","On","share","facebook","twitter","LinkedIn","",""
"Russell S.","08/26/23","On Steelcase Series 1","facebook","twitter","LinkedIn","Well made, comfy, stylish","Well made, comfy, stylish"
"Sharon Y.","08/24/23","On Steelcase Series 1","facebook","twitter","LinkedIn","great product!","great product!"
"Rob P.","08/24/23","On Steelcase Series 1","facebook","twitter","LinkedIn","The chair was very simple","The chair was very simple to put together. I have had no troubles and have enjoyed this chair."
"Eugene D.","08/18/23","On Steelcase Series 1","facebook","twitter","LinkedIn","Easy to assemble and adjust for a Senior! :-)","Very well designed AND packaged for shipping (Could have put several UP arrows on the outside of the carton so as to know how to best open it). Easy to assemble for a Senior and good installation/adjustment instructions."
"Danielle C.","08/18/23","On Steelcase Series 1","facebook","twitter","LinkedIn","Great chair. Thanks for your","Great chair. Thanks for your product!!"
"Constance B.","08/10/23","On Steelcase Series 1","facebook","twitter","LinkedIn","Easy to adjust, looks great,","Easy to adjust, looks great, easy to move when used on a rug."
"Verified Reviewer","On","share","facebook","twitter","LinkedIn","",""
"Megan W.","08/10/23","On Steelcase Series 1","facebook","twitter","LinkedIn","Love my chair!","Love this chair! I got it for a home office where I’m sitting about 8 hours a day and it’s been great. I’m 5’2” and all of the adjustments allowed me to fit it perfectly to my needs. I also really enjoyed customizing the look and think it looks great in my office. The chair pad was a tad firm at first but I felt comfortable on it after just a few"
"Roy W.","08/09/23","On Steelcase Series 1","facebook","twitter","LinkedIn","Love it! Incredibly easy to","Love it! Incredibly easy to assemble, love how it looks, lightweight, strong, comfortable, configurable, reasonably priced. A perfect choice."
"Laura S.","08/06/23","On Steelcase Series 1","facebook","twitter","LinkedIn","Great chair for lumbar support","I have back problems so I needed lumbar support. This chair is great. With all the height , arm, and lumbar support, it is great!"
"Paul W.","08/04/23","On Steelcase Series 1","facebook","twitter","LinkedIn","This was the best choice","This was the best choice for my home office, since it met my requirements for size, weight. durability, comfort, and style. It was therefore worth the price premium to me."
"Adam S.","08/03/23","On Steelcase Series 1","facebook","twitter","LinkedIn","Great Chair, loving it, so","Great Chair, loving it, so comfy"
"Diane H.","08/03/23","On Steelcase Series 1","facebook","twitter","LinkedIn","5 stars","It changed my life and reduced greatly the pains I had from working long hours at a desk. It is also very stylish and the quality is obvious."
"Verified Reviewer","On","share","facebook","twitter","LinkedIn","",""
"Kiranpal P.","08/02/23","On Steelcase Series 1","facebook","twitter","LinkedIn","Excellent no frills chair","Excellent no frills chair"
"C S.","07/27/23","On Steelcase Series 1","facebook","twitter","LinkedIn","Very comfortable. I have lower","Very comfortable. I have lower back pain, and the lower back support really helps.  Wheels glide very well across carpet and plastic mats.  I'm sure we will be ordering a few more in the future."
"Karen L.","07/19/23","On Steelcase Series 1","facebook","twitter","LinkedIn","Love it! Comfortable for sitting","Love it! Comfortable for sitting long periods. A friend tried mine and went right out and ordered one for herself!"
"Coltan S.","07/19/23","On Steelcase Series 1","facebook","twitter","LinkedIn","easy to assembly. has great","easy to assembly. has great quality. very well build. wish it had a head rest."
"Catherine K.","07/18/23","On Steelcase Series 1","facebook","twitter","LinkedIn","Love my chair","Very comfy chair, easy to assemble. Good price"
"Jasmine G.","07/14/23","On Steelcase Series 1","facebook","twitter","LinkedIn","Delivery was a bit slow,","Delivery was a bit slow, but great chair!"
"Verified Reviewer","On","share","facebook","twitter","LinkedIn","",""
"Tim K.","07/13/23","On Steelcase Series 1","facebook","twitter","LinkedIn","Comfortable chair, great support.","Comfortable chair, great support."
"Jeff S.","06/17/23","On Steelcase Series 1","facebook","twitter","LinkedIn","Very comfortable","Very comfortable"
"Marcelia C.","06/15/23","On Steelcase Series 1","facebook","twitter","LinkedIn","the quality of life the","the quality of life the ergonomic desk, chair and mouse add are undeniable"
"Kathleen H.","06/09/23","On Steelcase Series 1","facebook","twitter","LinkedIn","Highly Pleased with one exception","lam really enjoying many aspects of my chair. It is very comfortable for all day office sitting. I like the tilt or be straight features.  My only disappointment is the headrest-it doesn't come forward far enough to offer support unless you sit way back. I like to be up straight for most of my work and it doesn't support my head and neck l"
"Michael D.","06/08/23","On Steelcase Series 1","facebook","twitter","LinkedIn","Satisfied with my purchase.","Satisfied with my purchase."
"jessie t.","06/02/23","On Steelcase Series 1","facebook","twitter","LinkedIn","Great Chair","So comfy!"
"Verified Reviewer","On","share","facebook","twitter","LinkedIn","",""
"Jaime C.","06/01/23","On Steelcase Series 1","facebook","twitter","LinkedIn","Awesome chair","Awesome chair"
"Elizabeth S.","05/28/23","On Steelcase Series 1","facebook","twitter","LinkedIn","Exactly as described. love it!","Exactly as described. love it!"
"Matthew M.","05/17/23","On Steelcase Series 1","facebook","twitter","LinkedIn","So far so good","I have significant back issues and this is by far the most comfortable and supportive chair I have ever tried. So far it is worth the investment. Let’s hope it lasts…"
"Ami S.","05/12/23","On Steelcase Series 1","facebook","twitter","LinkedIn","Sturdy and stylish chair while","Sturdy and stylish chair while also being ergonomic and supportive. I like the options of colors and the ability to adjust for a comfortable fit. The casters for carpet are great and the chair rolls and moves easily. The dark purple seat cushion is a nice splash of color accent to my office. It was recommended by my company and was a perfect repla"
"Jayid A.","05/10/23","On Steelcase Series 1","facebook","twitter","LinkedIn","Great chair for a decent price","I've only ever had cheap chairs. So when I first got this chair and sat on it, I was totally impressed. It's very comfortable. Also, worth noting that the chair was put together in just 3 steps, no tools needed. Like the overall look and feel of the chair."
"Kimi H.","05/08/23","On Steelcase Series 1","facebook","twitter","LinkedIn","I sat in one of","I sat in one of these chairs at a meeting I attended and loved the comfort and sleekness of it. I researched what type and ordered one for myself. Love it!"
"Verified Reviewer","On","share","facebook","twitter","LinkedIn","",""
"Siobhan K.","05/04/23","On Steelcase Series 1","facebook","twitter","LinkedIn","Fabulous, went from a 1950's era wooden chair","Fabulous, went from a 1950's era wooden chair to my Steelcase, very happy!"
"Justin B.","05/04/23","On Steelcase Series 1","facebook","twitter","LinkedIn","Great products!","Great products!"
"Cheryl B.","05/01/23","On Steelcase Series 1","facebook","twitter","LinkedIn","Excellent chair!","Excellent chair!"
"Erik S.","04/26/23","On Steelcase Series 1","facebook","twitter","LinkedIn","Excellent chair! Well worth the","Excellent chair! Well worth the expense."
"Donald M.","04/22/23","On Steelcase Series 1","facebook","twitter","LinkedIn","Great comfy office chair.","Great comfy office chair."
"JODI B.","04/19/23","On Steelcase Series 1","facebook","twitter","LinkedIn","Love it","Love it"
"Verified Reviewer","On","share","facebook","twitter","LinkedIn","",""
"Glenda W.","04/19/23","On Steelcase Series 1","facebook","twitter","LinkedIn","Comfortable and easily adjustable.","Comfortable and easily adjustable."
"William S.","04/14/23","On Steelcase Series 1","facebook","twitter","LinkedIn","Works as promised and lives","Works as promised and lives up to Consumer Reports review."
"shravani s.","04/13/23","On Steelcase Series 1","facebook","twitter","LinkedIn","good","good"
"Becky K.","04/08/23","On Steelcase Series 1","facebook","twitter","LinkedIn","love this chair","Easy to put together. Super comfortable, and looks great too."
"Qiong W.","04/04/23","On Steelcase Series 1","facebook","twitter","LinkedIn","Nice design and quality","Nice design and quality"
"Owen K.","04/03/23","On Steelcase Series 1","facebook","twitter","LinkedIn","Great purchase.","Very high quality chair. Comfortable and very functional. Despite the higher price than other brands, it is worth every penny. Will definitely purchase again and recommend it to others."
"Verified Reviewer","On","share","facebook","twitter","LinkedIn","",""
"Mechelle K.","04/01/23","On Steelcase Series 1","facebook","twitter","LinkedIn","Super easy to assemble. It","Super easy to assemble. It looks great, and my back pain has gone down considerably since I received this chair. You will not regret this purchase! Oh, and the hard wood wheels are super quiet."
"John N.","03/31/23","On Steelcase Series 1","facebook","twitter","LinkedIn","Seating is comfortable and durable","Seating is comfortable and durable"
"Elise F.","03/30/23","On Steelcase Series 1","facebook","twitter","LinkedIn","Good investment!","Best chair ever and really cute. No more lower back pain."
"Jose G.","03/29/23","On Steelcase Series 1","facebook","twitter","LinkedIn","Great chair. Everything as advertised.","Great chair. Everything as advertised."
"Ruth I.","03/28/23","On Steelcase Series 1","facebook","twitter","LinkedIn","Love it!","Great chair and for the quality cant beat the price - especially compared to competitors like Hermann Miller"
"Aleksey M.","03/24/23","On Steelcase Series 1","facebook","twitter","LinkedIn","Excellent chair","Excellent chair"
"Verified Reviewer","On","share","facebook","twitter","LinkedIn","",""
"Robert M.","03/22/23","On Steelcase Series 1","facebook","twitter","LinkedIn","I purchased the chair for","I purchased the chair for my daughter since she works from home. She said she really loves it. Therefore I ordered another one, for myself. It arrives today."
"Kenneth J.","03/20/23","On Steelcase Series 1","facebook","twitter","LinkedIn","Excellent desk chair.","Excellent desk chair."
"CHERYL A.","03/17/23","On Steelcase Series 1","facebook","twitter","LinkedIn","Invest in your ergonomic health","I adore this chair and am so glad I made the investment in it. My lower back feels much better using this chair and my posture is improved, too."
"Supriya K.","03/16/23","On Steelcase Series 1","facebook","twitter","LinkedIn","Flexible and amazing design and","Flexible and amazing design and adjustment"
"Cathryne M.","03/15/23","On Steelcase Series 1","facebook","twitter","LinkedIn","Most comfortable chair in my house","Super comfortable chair. Worth the money. All the customizations really help make my work day more comfortable."
"Megan M.","03/10/23","On Steelcase Series 1","facebook","twitter","LinkedIn","Very comfortable and I can","Very comfortable and I can get all the right adjustments"
"Verified Reviewer","On","share","facebook","twitter","LinkedIn","",""
"Christopher J.","03/09/23","On Steelcase Series 1","facebook","twitter","LinkedIn","Great chair for home office","Very sharp, stylish appearance. Comfortable. Easy to adjust. Highly recommend."
"Wesley R.","03/08/23","On Steelcase Series 1","facebook","twitter","LinkedIn","gorgeous and comfortable","Exactly what I needed in a chair."
"MATTHEW T.","03/03/23","On Steelcase Series 1","facebook","twitter","LinkedIn","It's great! Very comfortable, easy","It's great! Very comfortable, easy to assemble and sturdy!"
"Christian W.","03/03/23","On Steelcase Series 1","facebook","twitter","LinkedIn","perfect","perfect"
"Paul R.","03/02/23","On Steelcase Series 1","facebook","twitter","LinkedIn","x","x"
"Gordana A.","03/01/23","On Steelcase Series 1","facebook","twitter","LinkedIn","The chair came in 4","The chair came in 4 pieces that are easy to assembly. It is comfortable, look modern, simple with only 1 handle and one button. It looks solid so it will last for many years. I am very pleased with my purchase. It was ordered online; the shipment was free and chair was nicely packed. I would recommend this chair for the people that love classic lo"
"Verified Reviewer","On","share","facebook","twitter","LinkedIn","",""
"Tyler S.","02/21/23","On Steelcase Series 1","facebook","twitter","LinkedIn","So far so good.","So far so good."
"Michael H.","02/18/23","On Steelcase Series 1","facebook","twitter","LinkedIn","Very comfortable. Very sturdy. Good","Very comfortable. Very sturdy. Good ergonomics."
"Erin B.","02/15/23","On Steelcase Series 1","facebook","twitter","LinkedIn","Office Chair","My chair was delivered to my front door in a big box. I was charged for a professional insulation fee. I put the chair together myself no one came to do it. The charge is uncalled for. -Erin"
"Sara C.","02/08/23","On Steelcase Series 1","facebook","twitter","LinkedIn","I have a small frame","I have a small frame and this chair is a perfect fit for me. I have back issues and decided I needed to ditch my cheap desk chair and get one more fitted to me and with ergonomic support. I am very pleased with this chair."
"Brian S.","02/03/23","On Steelcase Series 1","facebook","twitter","LinkedIn","Big fan!","Spectacular chair! I purchased this with the headrest to provide additional support when i need to lean back and rest my eyes. Everything is customizable - even the lumbar support (which took me a while to figure out). Perhaps there could be one more back support level that is a bit more vertical (i.e. straight up), but overall love this char and"
"Christopher G.","02/01/23","On Steelcase Series 1","facebook","twitter","LinkedIn","office set up","the desk, chair and monitor mounts are great!!"
"Verified Reviewer","On","share","facebook","twitter","LinkedIn","",""
"David L.","01/28/23","On Steelcase Series 1","facebook","twitter","LinkedIn","Great","Great"
"Donald G.","01/27/23","On Steelcase Series 1","facebook","twitter","LinkedIn","Excellent Office Chair","This chair is a keeper. Well made. Union made. Packaging very well thought out with very little plastic. The chair itself is well engineered and comfortable for all day desk work. I wouldn't buy any other brand."
"John S.","01/27/23","On Steelcase Series 1","facebook","twitter","LinkedIn","Steel case Remains the Very Best","I have been a long standing Steelcase customer. Purchase made most recently was a gift for my partner. Chair arrived a week early. Quality and design are exceptional. She is very happy with it. My oldest chair is 35 years old and still in great shape. Have four others and all are great."
"Packinam S.","01/27/23","On Steelcase Series 1","facebook","twitter","LinkedIn","Great office furniture!","I purchased a desk, chair and monitor mounts. All were fairly easy to assemble by myself. Everything feels sturdy and looks very nice.  Customer service was very quick to respond to my questions and extremely helpful."
"Jackelyne N.","01/23/23","On Steelcase Series 1","facebook","twitter","LinkedIn","Very comfy and customizable","Love this chair and the ability to customize it so much. Mechanisms work great all around"
"Neha V.","01/21/23","On Steelcase Series 1","facebook","twitter","LinkedIn","Amazing services and products","Amazing services and products"
"Verified Reviewer","On","share","facebook","twitter","LinkedIn","",""
"Carole K.","01/20/23","On Steelcase Series 1","facebook","twitter","LinkedIn","Steelcase Series 1","This chair is fantastic! So comfortable and fits me well, and it is easy to use."
"Dede B.","01/20/23","On Steelcase Series 1","facebook","twitter","LinkedIn","A great chair!","A great chair!"
"Julie-Karel E.","01/19/23","On Steelcase Series 1","facebook","twitter","LinkedIn","Excellent Value","Love the chair. Needed something with high end adjustable features without the huge price tag. Mission accomplished. All day comfort at a great price point."
"David Y.","01/17/23","On Steelcase Series 1","facebook","twitter","LinkedIn","arm support broken within 2 months","I dropped something on the ground, leaned over the side to pick it up and the underside of the arm support cracked right by the height adjuster."
"Madhusudhan T.","01/17/23","On Steelcase Series 1","facebook","twitter","LinkedIn","Good quality!","Good quality!"
"Elizabeth P.","01/16/23","On Steelcase Series 1","facebook","twitter","LinkedIn","stand up desk and office chair","easy to assemble and great products"
"Verified Reviewer","On","share","facebook","twitter","LinkedIn","",""
"Baskaran G.","01/15/23","On Steelcase Series 1","facebook","twitter","LinkedIn","Service was perfect 👍","Service was perfect 👍"
"Yolanda B.","01/14/23","On Steelcase Series 1","facebook","twitter","LinkedIn","Excellent Chair for Big & Tall","This chair is ideal for plus size/big and tall. It’s extremely easy to assemble, lightweight but heavy duty construction, certainly worth the cost. I would also recommend adding the headrest. Overall great functionality. The lumbar support is excellent. I would rate 20 out of 10 for comfort. You can sit in this chair for hours and no extra cushion"
"Richard S.","01/09/23","On Steelcase Series 1","facebook","twitter","LinkedIn","I'm 6'5""","Great chair. Very supportive, adjustable, and comfortable. I got the extended cylinder due to my height, but I wish it went up a little higher (maybe another 1""?)."
"Dominique L.","01/09/23","On Steelcase Series 1","facebook","twitter","LinkedIn","Very satisfied.","Very satisfied."
"Audrey m.","01/08/23","On Steelcase Series 1","facebook","twitter","LinkedIn","Sturdy comfortable","This chair is well worth the money. I sit quite a bit and it holds up to my bad back."
"Paul J.","01/07/23","On Steelcase Series 1","facebook","twitter","LinkedIn","The chair arrived quickly after","The chair arrived quickly after it was ordered. The chair was easy to assemble and the most comfortable desk chairs I have ever owned."
"Verified Reviewer","On","share","facebook","twitter","LinkedIn","",""
"Megan K.","01/07/23","On Steelcase Series 1","facebook","twitter","LinkedIn","Excellent chair","I bought a Series 1 during COVID since I was working from home and needed a comfortable and supportive chair. Just convinced my husband that he needed a much better chair than my old cast off. He has no complaints."
"Gail H.","01/06/23","On Steelcase Series 1","facebook","twitter","LinkedIn","Love my new chair! Comfortable","Love my new chair! Comfortable and supportive for a full day's work."
"Sandra M.","01/06/23","On Steelcase Series 1","facebook","twitter","LinkedIn","I love my new chair","The chair was easy to assemble, and it's very comfortable and QUIET (no sqeaky wheels or back)."
"Charles Q.","01/05/23","On Steelcase Series 1","facebook","twitter","LinkedIn","Great chair","This chair was the easiest to assemble of any piece of furniture I’ve ever bought, and the quality is outstanding. Looks great and is very comfortable"
"hamza k.","01/04/23","On Steelcase Series 1","facebook","twitter","LinkedIn","Good","Good"
"Lisa F.","12/31/22","On Steelcase Series 1","facebook","twitter","LinkedIn","Great Chair","Chair is excellent - I wish I hadn't waited so long to order it."
"Verified Reviewer","On","share","facebook","twitter","LinkedIn","",""
"Tomohiro S.","12/30/22","On Steelcase Series 1","facebook","twitter","LinkedIn","Great quality, yet cheaper than","Great quality, yet cheaper than the other luxury chairs."
"Brittany B.","12/17/22","On Steelcase Series 1","facebook","twitter","LinkedIn","Amazing!","I don’t have any back pain with this chair. Sturdy, customizable and very comfortable."
"Yan G.","12/09/22","On Steelcase Series 1","facebook","twitter","LinkedIn","It's light but very comfortable!","It's light but very comfortable! Like the many color choices to match my perference!"
"Barbara L.","12/09/22","On Steelcase Series 1","facebook","twitter","LinkedIn","Series-1 wonderful chairs","Wonderful chairs. Very comfortable, reclines easily, easy to set up and light and easy to move about. The colors have become more limited, but I was able to find a good combination to match my room. The only drawback is that the arms are neither removable nor able to be lowered enough for a small person."
"Sandy H.","12/08/22","On Steelcase Series 1","facebook","twitter","LinkedIn","Chair was delivered quickly, and","Chair was delivered quickly, and is comfortable."
"Zulfikarali J.","12/05/22","On Steelcase Series 1","facebook","twitter","LinkedIn","Steelcase Series 1","Excellent product; sturdy and comfortable!"
"Verified Reviewer","On","share","facebook","twitter","LinkedIn","",""
"Rona D.","12/02/22","On Steelcase Series 1","facebook","twitter","LinkedIn","Series 1","Great -comfortable no matter how long you’re sitting"
"Danielle A.","12/02/22","On Steelcase Series 1","facebook","twitter","LinkedIn","Customer service beyond expectations","Fantastic chair, outstanding customer service. First chair arrived defective and a new one was immediately sent out free of charge. I was absolutely floored by the service!"
"Mike B.","12/02/22","On Steelcase Series 1","facebook","twitter","LinkedIn","Our chair is great, comfortable,","Our chair is great, comfortable, and being able to make a difference to the environment makes it an extra special purchase."
"Risa B.","12/02/22","On Steelcase Series 1","facebook","twitter","LinkedIn","Great chair!","The best part was how easy it was to put together! It's a great chair, I only wish I bought it sooner!"
"Kira M.","12/01/22","On Steelcase Series 1","facebook","twitter","LinkedIn","Love the chair!","It has been an excellent addition to my office"
"Ruonan F.","11/13/22","On Steelcase Series 1","facebook","twitter","LinkedIn","Good gift for my wife","Good gift for my wife"
"Verified Reviewer","On","share","facebook","twitter","LinkedIn","",""
"Candice C.","11/09/22","On Steelcase Series 1","facebook","twitter","LinkedIn","task chair","Perfect chair! I have gone thru 7 different chairs before biting the bullet and getting the best."
"Mark K.","11/09/22","On Steelcase Series 1","facebook","twitter","LinkedIn","Comfortable, easy to put together","I find my new Steelcase Series 1 chair comfortable. I liked having options (color, armrest, headrest). I found the chair mostly easy to put together; I had a little difficulty screwing in the headrest until I realized that there were already screws in the holes that needed to be removed, first. Overall, I'm very satisfied."
"Margaret B.","11/09/22","On Steelcase Series 1","facebook","twitter","LinkedIn","Very comfortable chair. Easy to","Very comfortable chair. Easy to assemble and adjustable to different users."
"Curtis b.","11/09/22","On Steelcase Series 1","facebook","twitter","LinkedIn","Extremely Comfortable, Versatile, and easy","Extremely Comfortable, Versatile, and easy to put together"
"Dana R.","11/04/22","On Steelcase Series 1","facebook","twitter","LinkedIn","This is a great chair -- comfortable and attractive.","I use it in my home office and I have never had such a comfortable chair. I also appreciate the fact that it is attractive -- not like a typical office chair. The choice of colors for the seat upholstery helps make it look like real furniture, not office supplies."
"Shenaka S.","11/03/22","On Steelcase Series 1","facebook","twitter","LinkedIn","Very comfortable and stylish","Very comfortable and stylish"
"Verified Reviewer","On","share","facebook","twitter","LinkedIn","",""
"Tracy A.","11/03/22","On Steelcase Series 1","facebook","twitter","LinkedIn","chair is perfect","chair is perfect"
"Chitra V.","11/02/22","On Steelcase Series 1","facebook","twitter","LinkedIn","Great chair, quite comfortable and","Great chair, quite comfortable and worth the cost. Works well for me."
"Wilma L.","11/02/22","On Steelcase Series 1","facebook","twitter","LinkedIn","Comfort above all","Very comfortable chair. Easy to move around."
"Kenneth J.","11/02/22","On Steelcase Series 1","facebook","twitter","LinkedIn","Sturdy with lots of adjustment options","Budget friendly but still sturdy and has all the adjustment options you'd need to sit comfortably for extended periods."
"Patrick E.","11/02/22","On Steelcase Series 1","facebook","twitter","LinkedIn","Home office help worth the price","The best office chair I've ever sat in. What else is there to say?"
"John W.","11/02/22","On Steelcase Series 1","facebook","twitter","LinkedIn","Great Home Office Chair","Excellent office chair. It's light weight, but provides excellent support and sitting comfort. Highly recommend!"
"Verified Reviewer","On","share","facebook","twitter","LinkedIn","",""
"Roy C.","11/02/22","On Steelcase Series 1","facebook","twitter","LinkedIn","Great chair","The chair was very easy to assemble and easy to adjust. It's the most comfortable office chair I've owned."
"Antonisamy R.","11/02/22","On Steelcase Series 1","facebook","twitter","LinkedIn","Best chair ever!","This chair is amazing! It feels like sitting on a cloud, it looks like a Ferrari became a chair, and it is so easy to build!"
"Justin G.","11/02/22","On Steelcase Series 1","facebook","twitter","LinkedIn","sleek and comfortable!","sleek and comfortable!"
"Leslie W.","11/02/22","On Steelcase Series 1","facebook","twitter","LinkedIn","Extremely comfortable!","The chair is extremely comfortable, easy to assemble and has quality fabrics. The only problem I have is that it is easy to move if someone is sitting on it, but hard to move if it is unoccupied"
"Kayda W.","11/02/22","On Steelcase Series 1","facebook","twitter","LinkedIn","Padding in chair could be","Padding in chair could be better."
"Jacob H.","11/02/22","On Steelcase Series 1","facebook","twitter","LinkedIn","Got my chair.","It comes easy to assemble and it's very comfortable."
"Verified Reviewer","On","share","facebook","twitter","LinkedIn","",""
"David S.","11/02/22","On Steelcase Series 1","facebook","twitter","LinkedIn","Splendid chair","After buying and using several chairs from a major office supply chain, I asked an ergonomics expert friend what he would recommend, and among the brands he mentioned was Steelcase. So I bought one (they shipped to Alaska for free — imagine that) and have been happy ever since. I even got to choose from a variety of colors and features so I could"
"Shamala C.","11/01/22","On Steelcase Series 1","facebook","twitter","LinkedIn","chair","works good, but is not of a greatest quality"
"Phares R.","11/01/22","On Steelcase Series 1","facebook","twitter","LinkedIn","great chair","Total satisfaction. Handsome, the added back support I was looking for, no assembly (put the seat on the wheel assembly) and comfortable."
"Marrilynn H.","11/01/22","On Steelcase Series 1","facebook","twitter","LinkedIn","Too soon to tell","I have only been using the chair for a few weeks. It seems comfortable and sufficiently adjustable but it's too soon to tell how it will be in the long run."
"Sara A.","10/31/22","On Steelcase Series 1","facebook","twitter","LinkedIn","Awesome.","A must have for all offices."
"Ruth O.","10/28/22","On Steelcase Series 1","facebook","twitter","LinkedIn","Extremely comfortable and well-made","The chair is extremely comfortable and adjusts easily. I accidentally fell down a few stairs while sitting in it, and, unlike me, it doesn't have a mark on it. I like being able to choose so many aspects of the chair's appearance and function."
"Verified Reviewer","On","share","facebook","twitter","LinkedIn","",""
"Dianne K.","10/28/22","On Steelcase Series 1","facebook","twitter","LinkedIn","Excellent Chair","Comfortable alll day!"
"Dmitriy N.","10/27/22","On Steelcase Series 1","facebook","twitter","LinkedIn","Just as I remember it","I had this chair at a previous job and I wanted to recreate it for my home office. Assembly was way easier than I remembered and it’s very comfortable to sit on"
"Donna S.","10/26/22","On Steelcase Series 1","facebook","twitter","LinkedIn","So comfortable, swivels freely","I purchased this chair because it was so favorably reviewed in a leading consumer ratings magazine. I spend hours word processing (typing) every week. I replaced a chair I'd bought 20 years ago for $1000. I like the minimal reclining feature (which can be adjusted to full reclining) and the adjustability of every feature. I love the easy swivel, n"
"Daniel M.","10/26/22","On Steelcase Series 1","facebook","twitter","LinkedIn","Excellent quality and very comfortable","After suffering from a lot of discomfort in my prior chair and going through an ergonomics assessment provided by my employer, I ordered the Steelcase Series 1 chair and added the adjustable arm rest option. Assembly was easy, and I was surprised at how solid the chair is. The adjustments, including the lumbar support, are all easy to make. The bo"
"Anto S.","10/26/22","On Steelcase Series 1","facebook","twitter","LinkedIn","Good chair for the price","Good chair for the price"
"Judith W.","10/26/22","On Steelcase Series 1","facebook","twitter","LinkedIn","Great chair","I am very happy with my chair. I have a balance disability and can use it to scoot all around my home office. I also love that I could order the exact style & colors that I wanted, & my husband found it very easy to assemble."
"Verified Reviewer","On","share","facebook","twitter","LinkedIn","",""
"Mark V.","10/25/22","On Steelcase Series 1","facebook","twitter","LinkedIn","Chair is as advertised and","Chair is as advertised and reviewed by many. Great product!"
"Naman G.","10/25/22","On Steelcase Series 1","facebook","twitter","LinkedIn","Very comfortable","I really like this chair, I have previously used the leap and I find the series 1 to be just as comfortable for me. I like how it is a small chair as well. I am 6’1” and I prefer the lack of a back rest that goes all the way up to my upper back. Not sure how the headrest would fare as I haven’t used it."
"Shenaka S.","10/25/22","On Steelcase Series 1","facebook","twitter","LinkedIn","Very comfortable chair.","Very comfortable chair."
"Charles H.","10/25/22","On Steelcase Series 1","facebook","twitter","LinkedIn","A big office upgrade","I don't know why we waited so long to replace our standard wood chair with a proper office one. Now as I sit my back is instantly supported, resulting in my better posture. I rock back and forth just because it feels good. My arms rest on the chair arms instead of dangling. I spin 180 degrees, get up and leave. When I return the chair is facing me"
"Charles C.","10/25/22","On Steelcase Series 1","facebook","twitter","LinkedIn","Great chair","Our staff really liked this chair. So we bought everyone one!"
"Mary K.","10/25/22","On Steelcase Series 1","facebook","twitter","LinkedIn","Excellent chair","My back pains have all but disappeared. It delivers on everything it said it would."
"Verified Reviewer","On","share","facebook","twitter","LinkedIn","",""
"Margaret B.","10/25/22","On Steelcase Series 1","facebook","twitter","LinkedIn","Good Chair","Great chair, comfortable, but I am short and unable to adjust the back support where I need it."
"Diane D.","10/25/22","On Steelcase Series 1","facebook","twitter","LinkedIn","Steelcase is a great office chair.","Love the Steelcase chair. The only thing that I wish I had not purchased was the headrest. It is worthless. If you lean back with your head on the headrest, you are staring at the ceiling. Can't work a computer that way. Unless I'm doing it incorrectly."
"John A.","10/25/22","On Steelcase Series 1","facebook","twitter","LinkedIn","Steelcase series 1","I'm in my mid-seventies and retired, and spend at least an our or two every day at my desktop computer. My office chair was causing ever-increasing lower back pain from this activity. I read a review of the Steelcase Series 1 chair in Consumer Reports and was convinced to try your product. I am not disappointed; the chair is comfortable and has el"
"Jennifer C.","10/25/22","On Steelcase Series 1","facebook","twitter","LinkedIn","Fabulous chair","Absolutely wonderful chair. Super comfortable. Love that you could customize this chair to make it feel totally built to me."
"Ernest N.","10/25/22","On Steelcase Series 1","facebook","twitter","LinkedIn","Steelcase Series 1","Excellent chair. Comfortable, simple, clean looking."
"Marvin B.","10/25/22","On Steelcase Series 1","facebook","twitter","LinkedIn","Desk chair","Livies up to it's promise and reviews. Strongly recommended"
"Verified Reviewer","On","share","facebook","twitter","LinkedIn","",""
"Kent R.","10/25/22","On Steelcase Series 1","facebook","twitter","LinkedIn","Looks incredible, comfortable, and well-built.","Looks incredible, comfortable, and well-built."
"Tim K.","10/28/23","On Steelcase Series 1","facebook","twitter","LinkedIn","Fantastic chair","Fantastic chair"
"Sheryl K.","10/26/23","On Steelcase Series 1","facebook","twitter","LinkedIn","Great desk chair, very comfortable.","Great desk chair, very comfortable. It was easy to assemble and adjust to my comfort level. great decision to purchase this chair - wish I I known about Steelcase during the Pandemic - I would have purchased my chair much sooner!!"
"Bo W.","10/19/23","On Steelcase Series 1","facebook","twitter","LinkedIn","Love how easy it is","Love how easy it is to set this chair up! Very durable! Wish I knew about it earlier."
"Carol G.","10/10/23","On Steelcase Series 1","facebook","twitter","LinkedIn","What I was looking for","I have loved the chair from the beginning. Would buy again."
"jeffrey s.","10/09/23","On Steelcase Series 1","facebook","twitter","LinkedIn","good product","good product"
"Verified Reviewer","On","share","facebook","twitter","LinkedIn","",""
"Amy L.","08/18/23","On Steelcase Series 1","facebook","twitter","LinkedIn","I really like it. It","I really like it. It fits my height and my lower back pain is gone now."
"Walter S.","08/17/23","On Steelcase Series 1","facebook","twitter","LinkedIn","Works great. Very comfortable. I","Works great. Very comfortable. I sit on it for hours while on my computer and no longer feel sore. The availability of all of the various adjustments that you can make on the chair is AWESOME. I would buy it again."
"Douglas D.","08/04/23","On Steelcase Series 1","facebook","twitter","LinkedIn","Great chair. Good support and","Great chair. Good support and adjustability. Well made, durable."
"Catherine L.","07/14/23","On Steelcase Series 1","facebook","twitter","LinkedIn","Where have you been all my life?","Where have you been all my life? This is a great chair for office work. I'm just thrilled to pieces. Thank you."
"Renee E.","05/24/23","On Steelcase Series 1","facebook","twitter","LinkedIn","Chair was easy to assemble","Chair was easy to assemble and is very comfortable."
"Mark Q.","04/26/23","On Steelcase Series 1","facebook","twitter","LinkedIn","Best office/home office chairs on","Best office/home office chairs on the planet, in every way."
"Verified Reviewer","On","share","facebook","twitter","LinkedIn","",""
"Doni G.","04/13/23","On Steelcase Series 1","facebook","twitter","LinkedIn","Great chair!","I don't think about it which is the best compliment in an office chair because it means there's no pain or complaints. Works great in my home office, good wheels that don't unnecessarily move, sturdy construction and fits my body well."
"James B.","04/07/23","On Steelcase Series 1","facebook","twitter","LinkedIn","Extremely comfortable and sturdy chair.","Extremely comfortable and sturdy chair. The best I’ve owned. I ordered the wheels for hardwood floors and they are great. Adjustable lumbar support really functions well. Only problem is now my wife wants one gpfor her home office."
"Annamarie K.","04/06/23","On Steelcase Series 1","facebook","twitter","LinkedIn","Easy to assemble and works","Easy to assemble and works well. Just as Consumer Reports review promised."
"SABIN S.","04/04/23","On Steelcase Series 1","facebook","twitter","LinkedIn","Good Chairs.","Good Chairs."
"donald b.","04/04/23","On Steelcase Series 1","facebook","twitter","LinkedIn","Chair of Chairs","The chair is well-designed and strongly built. The transaction went smoothly. A suggestion would be to have a local distributor allow testing of the chair style before purchase."
"MJ K.","03/21/23","On Steelcase Series 1","facebook","twitter","LinkedIn","Chair is very comfortable","Chair is very comfortable"
"Verified Reviewer","On","share","facebook","twitter","LinkedIn","",""
"Pei H.","03/10/23","On Steelcase Series 1","facebook","twitter","LinkedIn","Purchase process is very smooth.","Purchase process is very smooth."
"Iris H.","03/06/23","On Steelcase Series 1","facebook","twitter","LinkedIn","Impressive Chair So Far!","I love my chair. It is comfortable and sturdy- yet the chair is not bulky and heavy. I recently had knee replacement surgery and I find that this chair provides me with the ergonomic support that I need post surgery."
"Theresa A.","03/02/23","On Steelcase Series 1","facebook","twitter","LinkedIn","Super easy to put together-","Super easy to put together- if you refer to the video, it should take less than two minutes to put it together once it’s unpacked."
"Tamara N.","01/08/23","On Steelcase Series 1","facebook","twitter","LinkedIn","Office chair","Amazing chair, the adjustability of the seat depth is the most appreciated feature to fit my petite figure. Very well thought through design and attention to detail. Definitely worth the price, highly recommend!"
"Gary S.","01/04/23","On Steelcase Series 1","facebook","twitter","LinkedIn","Very Nice Chair!","love the chair, best I've ever had"
"Sean C.","12/12/22","On Steelcase Series 1","facebook","twitter","LinkedIn","High quality build, comfortable for","High quality build, comfortable for long hours, extremely adjustable to make fit"
"Verified Reviewer","On","share","facebook","twitter","LinkedIn","",""
"Alan S.","12/11/22","On Steelcase Series 1","facebook","twitter","LinkedIn","Nice looking chair and comfortable.","Nice looking chair and comfortable."
"LINA V.","12/08/22","On Steelcase Series 1","facebook","twitter","LinkedIn","AMAZING","He loves it!!!"
"Preston T.","12/08/22","On Steelcase Series 1","facebook","twitter","LinkedIn","Good Stuff","Very comfortable."
"Victoria C.","12/01/22","On Steelcase Series 1","facebook","twitter","LinkedIn","Great","Great"
"Daphne B.","12/01/22","On Steelcase Series 1","facebook","twitter","LinkedIn","Very comfortable","easy assembly"
"Vincent D.","12/01/22","On Steelcase Series 1","facebook","twitter","LinkedIn","Great chair","Great chair"
"Verified Reviewer","On","share","facebook","twitter","LinkedIn","",""
"Amy G.","11/24/22","On Steelcase Series 1","facebook","twitter","LinkedIn","Just as advertised","I saw the review initially on Consumer Reports. Pricing much better than other chairs so gave it a try. I could not believe how easy the chair was to put together. It is also comfortable and has the adjustments I was looking for. Great value."
"xavier f.","11/23/22","On Steelcase Series 1","facebook","twitter","LinkedIn","Extremely comfortable.","Extremely comfortable."
"Eduardo C.","11/23/22","On Steelcase Series 1","facebook","twitter","LinkedIn","Worth the money","If you spend lots of time sitting, then an investment into one of these chairs is worth it."
"Judith M.","11/02/22","On Steelcase Series 1","facebook","twitter","LinkedIn","I hightly recommend the Steelcase Series 1 Chair","This is a very comfortable adjustable chair at a reasonable price. It was well packed and very easy to assemble following the video at the Steelcase Store website. I now have two Steelcase chairs, one for my commuter dek and this new one for my art studio."
"Roslynn T.","11/02/22","On Steelcase Series 1","facebook","twitter","LinkedIn","Great Chair","This is a great chair- very comfortable and easy to assemble."
"Ella K.","11/02/22","On Steelcase Series 1","facebook","twitter","LinkedIn","Comfortable and supportive","I am using this chair for a few months now. I can not understand why I did not get it much earlier. It is so comfortable and adjustable that my back is not as tired after sitting all day."
"Verified Reviewer","On","share","facebook","twitter","LinkedIn","",""
"Melissa S.","11/02/22","On Steelcase Series 1","facebook","twitter","LinkedIn","Best chair I've used!","Prior to getting this chair, I was using a gaming chair. I work from home so I'm in it for long periods of time. I'm so glad I got this chair. All of the features have allowed me to get set up in the best positions for my body and it feels soooo much better!"
"Michael F.","10/26/22","On Steelcase Series 1","facebook","twitter","LinkedIn","Quality made in USA product","Need more time to see its longevity, but this chair has exceeded my expectations already. The casters roll very smoothly and easily, even on carpet."
"Taylor J.","10/25/22","On Steelcase Series 1","facebook","twitter","LinkedIn","Great structure","I no longer have back pain while working due to the structure of this chair. Very comfortable"
"Ann R.","10/25/22","On Steelcase Series 1","facebook","twitter","LinkedIn","Good value","High quality chair. If you don’t want to spend $1000+, this a great choice for all day comfort."
"Michael K.","10/25/22","On Steelcase Series 1","facebook","twitter","LinkedIn","Great chair!","I used to have back pain from my old chair. My new Steelcase is so much kinder to my back."
"Jessica K.","10/25/22","On Steelcase Series 1","facebook","twitter","LinkedIn","Quality Office Furniture","Outstanding quality, easy to assemble. Very happy with the purchase."
"Verified Reviewer","On","share","facebook","twitter","LinkedIn","",""
"Robin R.","10/25/22","On Steelcase Series 1","facebook","twitter","LinkedIn","Every part of our experience with Steelcase has been great","They not only make one of the most comfortable chairs in the world, the process of ordering, the shipping, the packaging are all perfect. I would buy anything from this company. It is what the ideal of perfection in the USA has always been. My husband absolutely loves his chair. Problem is how to get him out of it to get things done."
"Richard W.","10/25/22","On Steelcase Series 1","facebook","twitter","LinkedIn","great chair","Arrived quickly. Easy to assemble and adjust to fit. /very comfortable chair even for long time use."
"Peter C.","10/25/22","On Steelcase Series 1","facebook","twitter","LinkedIn","Comfortable","Comfortable"
"Jerry S.","10/25/22","On Steelcase Series 1","facebook","twitter","LinkedIn","Solid office chair","Sturdy comfortable chair. Easy to assemble. Adjustments easy to make"
"Jessica M.","11/24/23","On Steelcase Series 1","facebook","twitter","LinkedIn","I’m embarrassed to say that","I’m embarrassed to say that I just needed to invest in a proper office chair to get rid of my lower back pain. It’s been a game changer."
"Peter L.","11/24/23","On Steelcase Series 1","facebook","twitter","LinkedIn","It does the job","It does the job"
"Verified Reviewer","On","share","facebook","twitter","LinkedIn","",""
"Astrid Y.","11/22/23","On Steelcase Series 1","facebook","twitter","LinkedIn","Bye bye back pain","No more lower back pain !! This chair has been a godsend."
"Chantal M.","11/22/23","On Steelcase Series 1","facebook","twitter","LinkedIn","Shmazin’","Shmazing! (So amazing)"
"Steen P.","11/18/23","On Steelcase Series 1","facebook","twitter","LinkedIn","Best office chair I have","Best office chair I have ever used. Very comfortable seat and back. The ability to easily and intuitively adjust pretty much everything is unrivaled. Kind of expensive but worth every penny."
"Evan F.","11/27/23","On Steelcase Series 1","facebook","twitter","LinkedIn","Quick delivery, easy setup, perfect","Quick delivery, easy setup, perfect for home office setup."
"John T.","11/02/23","On Steelcase Series 1","facebook","twitter","LinkedIn","Adjustable and comfortable","This chair is very comfortable and helps my posture. It has all needed adjustments. The arms are adjustable in all directions: up and down, angle, and length. However it can be difficult to roll the chair away from my desk."
"Zach K.","10/25/23","On Steelcase Series 1","facebook","twitter","LinkedIn","WORTH IT","Its awesome! I love it a great deal."
"Verified Reviewer","On","share","facebook","twitter","LinkedIn","",""
"Petrea S.","10/22/23","On Steelcase Series 1","facebook","twitter","LinkedIn","The wheels that come with","The wheels that come with it are not great, but the chair is really nice."
"Anno C.","10/15/23","On Steelcase Series 1","facebook","twitter","LinkedIn","Functionally, it’s a great product.","Functionally, it’s a great product. I have felt much more comfortable working from home, and I think it’s a worthwhile investment. Only issue I had was that the build quality had a little to be desired for this price point. I had a couple of loose stitches that I had to burn off, and some small tearing in the mesh.  Your mileage may vary h"
"Daniel H.","10/02/23","On Steelcase Series 1","facebook","twitter","LinkedIn","My new Series 1 Steel case chair","The width is a bit snug, but not tight. Quality is very good and I can now sit at my computer comfortably for long periods of time! My old chair had no lumbar support and made it difficult to sit even for 5-10 minutes without back pain. This chair was well worth the price!!"
"Nancy G.","09/27/23","On Steelcase Series 1","facebook","twitter","LinkedIn","The chair is very comfortable","The chair is very comfortable and looks professional.   I do not like the arms, they are catching on and scratching up my desk. I have to sit too far back to be comfortable so the arms don't hit the desk. I called several times and looks like I have to buy pieces and take to a local dealer to get it fixed. Not happy that I have to spend ti"
"Caren C.","09/26/23","On Steelcase Series 1","facebook","twitter","LinkedIn","Well built chair","Seat improves posture. Lumbar support is lacking. Hard floor casters are great."
"Veronica D.","09/01/23","On Steelcase Series 1","facebook","twitter","LinkedIn","Great chair, just wish arm rests locked","Really great chair! Assembly could not be easier, we just pushed the two halves together. The only reason I took off a star is because the arm rests don't lock. Their functionality is great, you can angle them, move them out side to side or elongate but I really wish they locked into place and I didn't have to readjust them all the time. Otherwise"
"Verified Reviewer","On","share","facebook","twitter","LinkedIn","",""
"Pamela C.","08/31/23","On Steelcase Series 1","facebook","twitter","LinkedIn","Very customizable","Very nice chair, did not like the wheels, so I purchased roller skate white to match the chair better. Great for my back, super comfortable."
"Juliet N.","08/25/23","On Steelcase Series 1","facebook","twitter","LinkedIn","Fits great and is beautiful","I have been pleased thus far with my Steelcase Series 1 chair. I love the colors, it fits me where other chairs were too deep. The construction is solid, yet comfortable and now allows me to do more work with less back pain. If I had to list one thing that is less than perfect for me I would say the arms of the chair move around too much for me, e"
"Ralph D.","08/19/23","On Steelcase Series 1","facebook","twitter","LinkedIn","Mostly excellent. The elbow rests","Mostly excellent. The elbow rests do not lock, so they get out of position each time I get up from the chair. That's an annoyance."
"sabrina s.","08/15/23","On Steelcase Series 1","facebook","twitter","LinkedIn","Great quality chair","Great quality. Easy to assemble. Looks great. Only criticism is that I can feel the hard back support through the chair back mesh. The chair has minimal adjustments, but that is made clear through the product description prior to purchase."
"ERWIN L.","07/27/23","On Steelcase Series 1","facebook","twitter","LinkedIn","Other than the seat is","Other than the seat is not cushy enough for me and the angle of the seat cannot be adjusted, the chair serves my purpose well."
"Alanna M.","07/22/23","On Steelcase Series 1","facebook","twitter","LinkedIn","Small but comfy","Great chair! It is smaller than I expected, and the resistance to the lean back is kind of loose, but amazing nonetheless. Very comfortable."
"Verified Reviewer","On","share","facebook","twitter","LinkedIn","",""
"Kara B.","07/20/23","On Steelcase Series 1","facebook","twitter","LinkedIn","minor tweak","Simple delivery. A comfortable chair. I wish there was a lock system for the arms, as I find they move too easily, and prefer the design of them to be stationary and stay in the position I put them in - with the option of being able to move them. They slide and move when I do, which is helpful when I change positions, but not when I am just workin"
"Doug W.","06/14/23","On Steelcase Series 1","facebook","twitter","LinkedIn","Comfortable chair","Comfortable chair"
"John S.","06/04/23","On Steelcase Series 1","facebook","twitter","LinkedIn","very comfortable chair","very comfortable chair"
"Martin B.","04/14/23","On Steelcase Series 1","facebook","twitter","LinkedIn","Very Good Office Chair","Very good ergonomic office chair. Only suggestions are to make the head rest adjustable so it can come forward and height adjustment mechanism is a bit loose and tends to slide down too easily. The headrest is too far back when sitting upright. I bought a pad that corrected this."
"Christina O.","03/22/23","On Steelcase Series 1","facebook","twitter","LinkedIn","Setup was easy, wish it","Setup was easy, wish it came with required screwdriver. Only issue is adjusting the arms which I guess was fixed with Series 2"
"Willis J.","03/18/23","On Steelcase Series 1","facebook","twitter","LinkedIn","Comfortable chair, disappointing arms","Great chair except for the rotating arms. It’s not the whole arm that rotates, just a very thin sort of top layer, which also slides front-to-back. It slides way too easily, which is very annoying because it moves whenever you use the arms to brace yourself to reposition yourself in the chair. It can’t be locked in place. I had to strap them toget"
"Verified Reviewer","On","share","facebook","twitter","LinkedIn","",""
"deepak s.","03/16/23","On Steelcase Series 1","facebook","twitter","LinkedIn","Happy with Steelcase Series 1","Good product Right amount of padding and Smooth operation. Easy to alter settings!"
"Jovie G.","03/02/23","On Steelcase Series 1","facebook","twitter","LinkedIn","Very easy to assemble. Comfort","Very easy to assemble.  Comfort is excellent."
"Hye K.","02/08/23","On Steelcase Series 1","facebook","twitter","LinkedIn","Easy assemble, and comfort seat,","Easy assemble, and comfort seat, nice quality."
"Stephanie G.","02/02/23","On Steelcase Series 1","facebook","twitter","LinkedIn","Comfortable but light","I like the chair but if you are tall I do not suggest this model. I'm 5'4"" and the seat is rather short in my opinion. Wish it was as bit sturdier as well."
"Shirish V.","01/27/23","On Steelcase Series 1","facebook","twitter","LinkedIn","Very good quality chair...color is","Very good quality chair...color is expressive... pricier compared to similar products in the market."
"Ali E.","01/17/23","On Steelcase Series 1","facebook","twitter","LinkedIn","The shipment was easy and","The shipment was easy and everything was smooth but we did not get the equipment to attach the chair head rest."
"Verified Reviewer","On","share","facebook","twitter","LinkedIn","",""
"Meysam P.","01/12/23","On Steelcase Series 1","facebook","twitter","LinkedIn","Good quality product bit a","Good quality product bit a bit expensive and the delivery was late. Otherwise, very good."
"Brad W.","01/08/23","On Steelcase Series 1","facebook","twitter","LinkedIn","Almost Perfect","I use the chair up to 14 hours a day, and only have two small issues. I wish the armrests were a bit longer, both for comfort and because I like to rest my trackball on them. When I'm reclining, it would be nice if the headrest pitched a bit more forward."
"Leng S.","01/06/23","On Steelcase Series 1","facebook","twitter","LinkedIn","Good ergo chair","Easy to assemble and on-time delivery. The handle a bit flimsy and not comfortable. Other wise, everything is good."
"Mark G.","01/06/23","On Steelcase Series 1","facebook","twitter","LinkedIn","Almost perfect","I love the chair but I’m bothered by the movement of the arm pads. I wish I could set them in a fixed position of my choosing."
"Douglas H.","12/22/22","On Steelcase Series 1","facebook","twitter","LinkedIn","Comfortable and adjustable, but the arms fall out of adjustment too easily","It's a very comfortable and well-built chair that you can perfectly adjust to your needs...but the adjustable arm pads move too easily. I find myself having to readjust the arm pads nearly every day after they slide out of place from placing too much weight on them.  You will have to learn how to get in and out of the chair without placing"
"Nathan T.","12/17/22","On Steelcase Series 1","facebook","twitter","LinkedIn","Pretty nice","Is noticeably nicer and more comfortable than anything a local office store would offer. It's not perfect, as the joints have more play than a chair should have at the $500 price point. Also the ""fixed"" armrest should be the standard option or not cost extra. I feel I can never quite get the adjustable ones in the right place. I do not regret my p"
"Verified Reviewer","On","share","facebook","twitter","LinkedIn","",""
"steven s.","12/08/22","On Steelcase Series 1","facebook","twitter","LinkedIn","Arm Rests","I don't like the optional swiveling arm rests. Ordered them based on your product info- wish I had the fixed arm rests."
"Terry T.","12/01/22","On Steelcase Series 1","facebook","twitter","LinkedIn","I do not like the","I do not like the movable side to side arms front to back only would be much better."
"Sharon T.","12/01/22","On Steelcase Series 1","facebook","twitter","LinkedIn","came in excellent condition*","My only suggestions: a little better seat padding, and about 2 to 4 inches more front to back of seat depth for us longer legged people. I love the casters, back tilt, and lumbar support adjustment, the arm height, rest adjustments, are so helpful. the overall seat height adjustment if great when sitting for longer periods. AND: I watched a couple"
"Matt L.","11/09/22","On Steelcase Series 1","facebook","twitter","LinkedIn","Steel case chair","This chair has good adjustability for the most part. I wish the head rest would go up higher, and be able to move more forward"
"Richard G.","11/04/22","On Steelcase Series 1","facebook","twitter","LinkedIn","The chair is supportive and","The chair is supportive and comfortable."
"Cameron S.","11/03/22","On Steelcase Series 1","facebook","twitter","LinkedIn","For the price it may","For the price it may be worth spending a bit more and getting a better model but the series one is a good chair just not the most comfortable for long work days."
"Verified Reviewer","On","share","facebook","twitter","LinkedIn","",""
"Paul B.","11/02/22","On Steelcase Series 1","facebook","twitter","LinkedIn","OK but not Perfect","I like everything about the chair except for the fact that I can't adjust the seat angle. I wish it had that feature."
"Ziyue W.","11/02/22","On Steelcase Series 1","facebook","twitter","LinkedIn","Need tools to put my","Need tools to put my headset on the chair."
"Jimmy G.","11/02/22","On Steelcase Series 1","facebook","twitter","LinkedIn","Great product - one irritation","I have been using ""racing"" style gaming chairs for several years now. My back pain has been getting worse and worse so I was looking for a real chair, not a gaming chair. Many, many reviews later I decided on this chair and it works great. I have no back pain anymore. I like everything about it except the arm rest cannot be locked and the back is"
"James T.","11/01/22","On Steelcase Series 1","facebook","twitter","LinkedIn","Nice chair","Unable to attach headrest"
"Laura H.","10/26/22","On Steelcase Series 1","facebook","twitter","LinkedIn","Rolling wheels","Wish there were a way to lock the wheels if needed."
"Daniel H.","06/13/23","On Steelcase Series 1","facebook","twitter","LinkedIn","Well constructed and easy to","Well constructed and easy to assemble. Good value as well."
"Verified Reviewer","On","share","facebook","twitter","LinkedIn","",""
"Steven E.","04/21/23","On Steelcase Series 1","facebook","twitter","LinkedIn","Easy to assemble. Chair is","Easy to assemble. Chair is comfortable, supportive, and has all essential adjustments."
"Suraj D.","03/12/23","On Steelcase Series 1","facebook","twitter","LinkedIn","I loved the assembly process","I loved the assembly process of the chair. As I was always fan of Steelcase, that's where I naturally went to buy my home office chair."
"diane m.","01/02/23","On Steelcase Series 1","facebook","twitter","LinkedIn","I thought it would be","I thought it would be a bigger chair said it should fit 400lbs .It doesn't fit 330. But it is a nice chair for average person"
"Anita W.","12/31/22","On Steelcase Series 1","facebook","twitter","LinkedIn","Love the chair but…","I wish I had ordered the headrest to go with the chair for additional comfort. Other than that, the chair is great!"
"Kevin K.","11/01/22","On Steelcase Series 1","facebook","twitter","LinkedIn","Pretty good","Pretty good"
"Lynn F.","10/25/22","On Steelcase Series 1","facebook","twitter","LinkedIn","As comfortable as Consumer Reports said it would be","This chair is sturdy and comfortable. The seat height and springiness are great. The ability to adjust the seat depth works well. All around it's as good as Consumer Reports said it would be. And not nearly as expensive as many office chairs. So I'm glad I got it.  My only preference would be to be able to flip the arm rests out of the way"
"Verified Reviewer","On","share","facebook","twitter","LinkedIn","",""
"Yadanar Y.","10/02/23","On Steelcase Series 1","facebook","twitter","LinkedIn","Not truly ergonomic but the","Not truly ergonomic but the look and quality is very superb. Comfort is okay. Assembly was easy!"
"Kevin F.","09/23/23","On Steelcase Series 1","facebook","twitter","LinkedIn","Chair is fine, customer service needs work.","It's difficult to provide a review because I still haven't received my full order. The basic chair is fine but after a month and a half and 2 dozen emails, I still haven't gotten the proper screws to secure the headrest. When I indicate it doesn't seem like I should go through the whole claim process for 2 screws, the customer support person doesn"
"Kristina M.","09/07/23","On Steelcase Series 1","facebook","twitter","LinkedIn","Not what I hoped","It looks good, and I like that it's relatively small, for people with a smaller frame. However, the lumbar support piece is so hard and uncomfortable, it doesn't matter where I adjust it to, I have back pain. I also wish the seat tilted. I had to add a wedge-shaped cushion to get my hips into proper alignment. For what I spent on this chair, I exp"
"Ankit S.","01/12/23","On Steelcase Series 1","facebook","twitter","LinkedIn","The chair came with black","The chair came with black stains on the back side of the back rest."
"Matthew H.","01/08/23","On Steelcase Series 1","facebook","twitter","LinkedIn","Overall good, few concerns","Backrest frame for the mesh digs into the back, needs more padding. Recline intensity is locked to two modes, neither of which are appropriate for my weight and seating position."
"Zair S.","01/08/23","On Steelcase Series 1","facebook","twitter","LinkedIn","Not worth the price in","Not worth the price in my opinion"
"Verified Reviewer","On","share","facebook","twitter","LinkedIn","",""
"John B.","01/04/23","On Steelcase Series 1","facebook","twitter","LinkedIn","Ok chair","Chair is comfortable but a little smaller than I had hoped for. Not sure this chair is worth the price though"
"David B.","12/01/22","On Steelcase Series 1","facebook","twitter","LinkedIn","Poor support","I am happy the the table as table. Everything I wanted in a desk/table. What I'm unhappy about is the service. I called your line; the woman suggested I send photos to your customer service, which I did, twice in fact (10/24, 10/26), but never got a response. The question I had was whether the table I received was Virginia Walnut. I have attached"
"Heloise E.","11/19/22","On Steelcase Series 1","facebook","twitter","LinkedIn","Back issues","The back of my chair has a plastic piece that doesn’t fit in well and it is falling all the time. I’d not expect that from this brand"
"David H.","11/04/22","On Steelcase Series 1","facebook","twitter","LinkedIn","Somewhat disappointed","It's much better than my old chair, which was much cheaper. It's not nearly as good as the chair I have at my company's place of work, but that chair was more expensive (I don't recall the brand). I expected it to be a lot better than the old one that was 1/4 of the price, so I'm a bit disappointed. Perhaps my expectations were just unrealistic."
"Sunny U.","11/02/22","On Steelcase Series 1","facebook","twitter","LinkedIn","OK","Strictly OK. Even though there is lumbar support, it doesn’t keep my back in an ideal angle. Also wish the lumbar support was firmer."
"Rf S.","10/25/22","On Steelcase Series 1","facebook","twitter","LinkedIn","Well Built, but...","this chair tries too hard to make you sit up straight; it's very tough on your back to lean back, even a little bit, despite the 3 position back tension settings."
"Verified Reviewer","On","share","facebook","twitter","LinkedIn","",""
"Gary W.","04/06/23","On Steelcase Series 1","facebook","twitter","LinkedIn","Chair is alright. I find","Chair is alright. I find the back tension for recline a bit weak even with the ""tension boost""."
"Ryan B.","03/30/23","On Steelcase Series 1","facebook","twitter","LinkedIn","Just ok","It's a decent office chair but I'm underwhelmed considering the cost. Decent adjustable lumbar support, functionality is fine, easy to set up, and it could be a little more comfortable. As many other purchasers noted... The arm rests swing around on the chair. Just feels small and expensive for what it is."
"Rick S.","01/06/23","On Steelcase Series 1","facebook","twitter","LinkedIn","Overrated. Low quality.","Overrated. Low quality."
"TIM K.","12/08/22","On Steelcase Series 1","facebook","twitter","LinkedIn","Chair does not meet the","Chair does not meet the standards that were written in Consumer Reports."
"Philippe P.","11/01/22","On Steelcase Series 1","facebook","twitter","LinkedIn","ok chair","good materials, good wheels. cushion very slim and not that much comfortable. would not recommend for heavy people."
"Colten H.","11/01/23","On Steelcase Series 1","facebook","twitter","LinkedIn","Too small and cheapy feeling.","I am 6'2"" and the chair felt small to me. My shoulder blades would rest against the frame of the chair when leaving back so it wasn't as comfortable as I would have liked. I also found the seat cushion to be a little thin or not as cushy as I would have liked. My legs were sore after sitting in it for a while. The chair looks great though."
"Verified Reviewer","On","share","facebook","twitter","LinkedIn","",""
"Eric T.","10/28/23","On Steelcase Series 1","facebook","twitter","LinkedIn","Series 1 chair is well made but adjustments are lacking","My Steelcase chair cost 5x what my wife’s off-brand desk chair cost from an office supply store. While the Steelcase chair seems to have better quality parts for the materials in the seat and back, the adjustments for the back are disappointing. There is no seatback tilt setting on the Steelcase between being locked stiff or at the next setting wh"
"Thomas P.","08/25/23","On Steelcase Series 1","facebook","twitter","LinkedIn","It wasn't as good as","It wasn't as good as hoped; while the arms were decent and nicely adjustable, the back was uncomfortable and tended to dig in very strongly. The headrest was uncomfortable in all positions; the lumbar support also tended to dig into my back somewhat.  Admittedly I have back issues so am more sensitive than most."
"Frank E.","08/24/23","On Steelcase Series 1","facebook","twitter","LinkedIn","The assembly was awesome, I","The assembly was awesome, I was surprised for the price the chair's comfort. Honestly it is significantly overpriced."
"Tiffany B.","08/22/23","On Steelcase Series 1","facebook","twitter","LinkedIn","Honest review, uncomfortable hurt my back worse","Positives, the chair looks sharp and it is adjustable, that's about it. I am 5 ft 3 and 130 lb, I did extensive research for a comfortable office chair for a bad back / petite person. If you have a bad back, this chair is extremely uncomfortable and hard as a rock. It also feels awkward to sit in. I had to get another chair after a few days of try"
"VIPINKUMAR G.","08/10/23","On Steelcase Series 1","facebook","twitter","LinkedIn","lumbar support is not so","lumbar support is not so great and the handles hurt"
"MICHAEL G.","07/02/23","On Steelcase Series 1","facebook","twitter","LinkedIn","Not for tall people","I am 6ft 5inches tall and according to your specifications the chair does not fit me . I had to change the casters to make it higher. You should say something about height in the specifications  Also I purchased the head rest and it had screws that had the star pattern, Naturally i did not have the correct size so I had to buy a screw driver s"
"Verified Reviewer","On","share","facebook","twitter","LinkedIn","",""
"Carlos O.","06/03/23","On Steelcase Series 1","facebook","twitter","LinkedIn","great package but company doesn't really seem to care how it is shipped","great chair. poorly package and thus came scratched. like $700 for a pair and very little care in how it is sent."
"Donald G.","05/04/23","On Steelcase Series 1","facebook","twitter","LinkedIn","Floating arm rest pads are","Floating arm rest pads are horrible"
"Ole D.","01/07/23","On Steelcase Series 1","facebook","twitter","LinkedIn","Less than hoped for","Back is shorter than expected, arms cannot be removed temporarily. Armrest color not matched with back. Despite great CU reviews, disappointed."
"Ori R.","12/16/22","On Steelcase Series 1","facebook","twitter","LinkedIn","The chair back rest and","The chair back rest and seat are not very comfortable. the back section is too small and does not cover my back so I get back pain at the shoulder blades. Insufficient foam on the seat cushion."
"Mark W.","12/04/22","On Steelcase Series 1","facebook","twitter","LinkedIn","Not durable","The mesh backing of this chair is already showing signs of wear after only one month. Disappointing."
"Pavlo D.","11/30/22","On Steelcase Series 1","facebook","twitter","LinkedIn","One armrest is too loose","One armrest is too loose"
"Verified Reviewer","On","share","facebook","twitter","LinkedIn","",""
"Julie N.","11/09/22","On Steelcase Series 1","facebook","twitter","LinkedIn","Nice chair but not worth the price","I work from home and decided to invest in a nice office chair. I chose this chair after reading good reviews. I think the chair looks nice, and it's comfortable, but other cheaper chairs are equally as comfortable. The cushion on this chair is rather thin, and the chair feels flimsy. The arm rests don't move smoothly, and overall, the chair does n"
"Jian Y.","11/04/22","On Steelcase Series 1","facebook","twitter","LinkedIn","Doesn't fit me","My back pain getting worse sitting in this chair"
"pratheesh s.","06/02/23","On Steelcase Series 1","facebook","twitter","LinkedIn","seat adjustment options are less","seat adjustment options are less than what i thought"
"Michael L.","12/20/22","On Steelcase Series 1","facebook","twitter","LinkedIn","Comfortable but the arms are","Comfortable but the arms are not fixed in place, and it isn't as robust as I would have thought for the money spent, and have as many options"
"Alice B.","11/02/22","On Steelcase Series 1","facebook","twitter","LinkedIn","Looks nice. The padding doesn't hold up","For how expensive this chair was I thought that the seat would be much higher quality. Positives- Chair came fast and was easy to put together. If I was spending my own money I wouldn't buy this chair."
"Sharon G.","08/28/23","On Steelcase Series 1","facebook","twitter","LinkedIn","My 2 month old Series One chair is wobbly","I bought my Series One because the reviews I had seemed positive. I wish I had read a review such as this beforehand because it would have given me serious pause.  Perhaps the problem was specific to the particular chair I received, but within a month the seat would not firmly lock into place and had begun to wobble/slide around. I spoke to St"
"Verified Reviewer","On","share","facebook","twitter","LinkedIn","",""
"Maria S.","04/07/23","On Steelcase Series 1","facebook","twitter","LinkedIn","you charge twice for a","you charge twice for a chair. I send my claim and no answer"
"linda l.","04/05/23","On Steelcase Series 1","facebook","twitter","LinkedIn","Not very comfortable and did","Not very comfortable and did not suit me well. Seat was hard and lumbar support so-so."
"Zachary Z.","03/08/23","On Steelcase Series 1","facebook","twitter","LinkedIn","Chair is too small for","Chair is too small for me"
"Michael A.","02/24/23","On Steelcase Series 1","facebook","twitter","LinkedIn","High Price, Little Value","For what you pay for this chair, you'd expect it be comfortable. Visually, the chair looks like nice but once you sit down and realize how little lumber support it has, (and by little I mean none) you begin to question why it cost so much. There are plenty of cheaper options online and in stores that do more than this chair."
"KIRAN S.","01/27/23","On Steelcase Series 1","facebook","twitter","LinkedIn","Very slow delivery","Delivery process has to be improved."
"Mike L.","01/23/23","On Steelcase Series 1","facebook","twitter","LinkedIn","back support","Lower back / lumbar support lacking. Really hurts my back. Have not used since the first week of having"
"Verified Reviewer","On","share","facebook","twitter","LinkedIn","",""
"Anisha H.","01/17/23","On Steelcase Series 1","facebook","twitter","LinkedIn","Have not recieved","My chair was ordered almost 3 months ago. It says it was shipped. I have not received my chair or any update regarding when it will be delivered."
"Rosalia S.","10/26/22","On Steelcase Series 1","facebook","twitter","LinkedIn","In Pain","Bank and legs hurt. Had to stop using chair"
"Christopher W.","10/25/22","On Steelcase Series 1","facebook","twitter","LinkedIn","Not worth the money","It's not a very comfortable chair, especially for the price paid. Would not buy again."
"Tony K.","01/07/23","On Steelcase Series 1","facebook","twitter","LinkedIn","Chair arrived broken","The seat adjustment bar was bent, and doesn’t work properly."
"Michael Y.","12/31/22","On Steelcase Series 1","facebook","twitter","LinkedIn","holiday season or just poor customer service?","I'm still waiting for your support because I haven't been able to use it because the backrest does not lock in place.. Still waiting for several weeks already"
"Romario L.","12/19/22","On Steelcase Series 1","facebook","twitter","LinkedIn","Chair isn't very comfortable sending","Chair isn't very comfortable sending back"
"Verified Reviewer","On","share","facebook","twitter","LinkedIn","",""
"Clemm N.","12/01/22","On Steelcase Series 1","facebook","twitter","LinkedIn","I got an used chair and had a hard time getting my money back","I got an used chair and had a hard time getting my money back"
"Roopa N.","10/25/22","On Steelcase Series 1","facebook","twitter","LinkedIn","Worst chair the chair broke and threw it in thrash","The chair broke and need to order new one not suggestable"
"","","","","","","",""